participant.label,participant.id_in_session,player.bet1,player.bet2,player.choice1_with,player.choice1_against,player.choice2_with,player.choice2_against,player.chosen_image_computer,player.chosen_image_computer_two,player.chosen_image_one_binary,player.chosen_image_two_binary,player.computer_choice_one,player.computer_bet_one,player.computer_choice_two,player.computer_bet_two,player.player1_choice1_computer,player.player2_choice1_computer,player.player3_choice1_computer,player.player4_choice1_computer,player.player1_choice2_computer,player.player2_choice2_computer,player.player3_choice2_computer,player.player4_choice2_computer,group.trial_number
5c4338d8a04c050001a0a876,1,3,3,0.5,0.5,0.5,0.5,NA,NA,2,2,0,0,0,0,0,0,0,0,0,0,0,1,1
5c4338d8a04c050001a0a876,1,3,3,0.75,0.25,0.75,0.25,NA,NA,1,1,0,0,0,0,0,0,0,0,0,0,0,1,2
5c4338d8a04c050001a0a876,1,3,3,1,0,1,0,NA,NA,1,1,0,0,0,0,0,0,0,0,0,0,0,1,3
5c4338d8a04c050001a0a876,1,3,3,1,0,0.75,0.25,NA,option1A_tr.bmp,1,1,0,0,1,1,0,0,0,0,0,0,0,1,4
5c4338d8a04c050001a0a876,1,3,3,0.75,0.25,0.75,0.25,NA,NA,1,1,0,0,0,0,0,0,0,0,0,0,0,1,5
5c4338d8a04c050001a0a876,1,3,3,1,0,1,0,NA,option1A_tr.bmp,1,1,0,0,1,1,0,0,0,0,0,0,0,0,6
5c4338d8a04c050001a0a876,1,3,3,1,0,1,0,NA,NA,1,1,0,0,0,0,0,0,0,0,0,0,0,0,7
5c4338d8a04c050001a0a876,1,3,3,1,0,1,0,NA,NA,1,1,0,0,0,0,0,0,1,0,0,0,0,0,8
5c4338d8a04c050001a0a876,1,3,3,0.5,0.5,0.5,0.5,NA,NA,2,2,0,0,0,0,0,0,0,0,0,0,0,0,9
5c4338d8a04c050001a0a876,1,3,3,1,0,1,0,NA,NA,1,1,0,0,0,0,0,0,0,0,0,0,0,0,10
5c4338d8a04c050001a0a876,1,3,3,1,0,1,0,NA,NA,1,1,0,0,0,0,0,0,0,0,0,0,0,0,11
5c4338d8a04c050001a0a876,1,1,1,0,1,0,1,NA,option1B_tr.bmp,2,2,0,0,1,1,0,0,0,0,0,0,0,0,12
5c4338d8a04c050001a0a876,1,3,3,0.25,0.75,0.75,0.25,NA,option1B_tr.bmp,1,2,0,0,1,0,0,0,0,0,0,0,0,0,13
5c4338d8a04c050001a0a876,1,3,3,0.75,0.25,0.75,0.25,NA,NA,1,1,0,0,0,0,0,0,1,0,0,0,1,0,14
5c4338d8a04c050001a0a876,1,3,3,0.75,0.25,1,0,NA,NA,1,1,0,1,0,0,0,0,0,0,0,0,0,0,15
5c4338d8a04c050001a0a876,1,3,3,0.75,0.25,1,0,NA,NA,1,1,0,0,0,0,0,0,0,1,0,0,0,0,16
5c4338d8a04c050001a0a876,1,3,3,1,0,1,0,NA,NA,1,1,0,0,0,0,0,0,1,1,0,0,0,0,17
5c4338d8a04c050001a0a876,1,3,3,0,1,0,1,NA,NA,1,1,0,0,0,0,0,0,0,0,0,0,0,1,18
5c4338d8a04c050001a0a876,1,3,3,0.75,0.25,0.75,0.25,NA,NA,1,1,0,0,0,0,0,0,0,0,0,0,0,0,19
5c4338d8a04c050001a0a876,1,3,3,0.5,0.5,0.5,0.5,NA,NA,1,1,0,0,0,0,0,0,0,0,0,0,0,0,20
5c4338d8a04c050001a0a876,1,3,3,1,0,1,0,NA,NA,2,2,0,0,0,1,0,0,0,0,0,0,0,0,21
5c4338d8a04c050001a0a876,1,3,3,0,1,1,0,NA,NA,1,2,0,0,0,0,0,0,0,0,0,0,0,0,22
5c4338d8a04c050001a0a876,1,3,3,0.5,0.5,0.25,0.75,NA,NA,1,1,0,0,0,0,0,0,0,0,0,0,0,0,23
5c4338d8a04c050001a0a876,1,3,3,0.25,0.75,0.25,0.75,NA,NA,1,1,0,0,0,0,0,0,1,0,0,0,1,0,24
5c4338d8a04c050001a0a876,1,1,3,0.25,0.75,0.25,0.75,NA,NA,1,1,0,1,0,0,0,0,0,0,0,0,0,0,25
5c4338d8a04c050001a0a876,1,3,3,0.25,0.75,0,1,NA,NA,1,1,0,0,0,0,0,0,0,0,0,0,0,0,26
5c4338d8a04c050001a0a876,1,3,1,0.5,0.5,0.25,0.75,option1A_tr.bmp,option1B_tr.bmp,1,2,1,0,1,1,0,0,0,0,0,1,0,0,27
5c4338d8a04c050001a0a876,1,3,3,0.25,0.75,0,1,NA,NA,1,1,0,0,0,0,0,0,0,0,0,0,0,0,28
5c4338d8a04c050001a0a876,1,3,3,0,1,1,0,NA,NA,1,2,0,0,0,0,0,0,0,0,0,0,0,0,29
5c4338d8a04c050001a0a876,1,3,3,0,1,0.75,0.25,NA,NA,1,2,0,0,0,0,0,0,0,0,0,0,0,1,30
5c4338d8a04c050001a0a876,1,3,3,0.25,0.75,0.25,0.75,NA,NA,1,1,0,0,0,0,0,0,0,0,0,0,0,0,31
5c4338d8a04c050001a0a876,1,3,3,1,0,1,0,NA,NA,2,2,0,0,0,0,0,0,0,0,0,0,0,0,32
5c4338d8a04c050001a0a876,1,3,3,0.25,0.75,0,1,NA,NA,1,1,0,0,0,0,0,0,0,0,0,0,0,0,33
5c4338d8a04c050001a0a876,1,3,3,0.25,0.75,0.75,0.25,NA,NA,1,2,0,0,0,0,0,0,0,0,0,0,1,0,34
5c4338d8a04c050001a0a876,1,3,3,1,0,1,0,NA,NA,1,1,0,0,0,0,0,0,0,0,0,0,0,0,35
5c4338d8a04c050001a0a876,1,3,3,0.5,0.5,0.5,0.5,NA,NA,1,1,0,0,0,0,0,0,0,1,0,0,0,0,36
5c4338d8a04c050001a0a876,1,3,3,1,0,1,0,NA,NA,1,1,0,0,0,0,0,0,0,0,0,0,0,0,37
5c4338d8a04c050001a0a876,1,3,3,1,0,0.5,0.5,NA,option1B_tr.bmp,1,2,0,0,1,0,0,0,0,0,0,0,0,1,38
5c4338d8a04c050001a0a876,1,3,3,0.75,0.25,0.75,0.25,NA,NA,1,1,0,0,0,0,0,0,0,0,0,0,0,0,39
5c4338d8a04c050001a0a876,1,3,3,1,0,1,0,NA,NA,1,1,0,0,0,0,0,0,0,0,0,0,0,0,40
5c4338d8a04c050001a0a876,1,3,3,1,0,1,0,NA,NA,1,1,0,0,0,0,0,0,0,0,0,0,0,0,41
5c4338d8a04c050001a0a876,1,3,1,0.75,0.25,0.5,0.5,NA,NA,1,1,0,0,0,1,0,0,0,0,0,0,0,0,42
5c4338d8a04c050001a0a876,1,3,3,0.5,0.5,0.5,0.5,NA,NA,1,1,0,0,0,0,0,0,0,0,0,0,0,0,43
5c4338d8a04c050001a0a876,1,3,1,1,0,0,1,NA,option1B_tr.bmp,1,2,0,0,1,1,0,0,0,1,0,0,1,0,44
5c4338d8a04c050001a0a876,1,3,3,0.5,0.5,0.25,0.75,NA,option1B_tr.bmp,1,2,0,0,1,1,0,0,0,0,0,0,0,0,45
5c4338d8a04c050001a0a876,1,3,3,0.5,0.5,0.5,0.5,NA,NA,1,1,0,0,0,0,0,0,0,0,0,0,0,0,46
5c4338d8a04c050001a0a876,1,3,1,0.75,0.25,1,0,NA,NA,1,1,0,0,0,1,0,0,0,0,0,0,0,0,47
5c4338d8a04c050001a0a876,1,3,3,1,0,1,0,NA,option1A_tr.bmp,1,1,0,0,1,0,0,0,0,0,0,0,0,0,48
5c4338d8a04c050001a0a876,1,3,2,0.5,0.5,0.5,0.5,NA,NA,1,1,0,0,0,1,0,0,1,0,0,0,0,0,49
5c4338d8a04c050001a0a876,1,3,3,0.75,0.25,0.75,0.25,NA,NA,1,1,0,0,0,0,0,0,0,0,0,0,0,0,50
5c4338d8a04c050001a0a876,1,3,3,0.75,0.25,0.75,0.25,NA,NA,1,1,0,0,0,0,0,0,0,1,0,0,0,0,51
5c4338d8a04c050001a0a876,1,3,3,0.5,0.5,0.5,0.5,NA,NA,1,1,0,0,0,0,0,0,0,0,0,0,0,0,52
5c4338d8a04c050001a0a876,1,3,3,0.5,0.5,1,0,NA,NA,1,1,0,0,0,0,0,0,0,0,0,0,0,0,53
5c4338d8a04c050001a0a876,1,3,3,0.5,0.5,0.5,0.5,NA,NA,1,1,0,0,0,0,0,0,0,1,0,0,1,0,54
5c4338d8a04c050001a0a876,1,3,3,0.25,0.75,0.75,0.25,NA,NA,1,2,0,0,0,0,0,0,0,0,0,0,0,1,55
5c4338d8a04c050001a0a876,1,3,3,0.75,0.25,1,0,NA,NA,1,1,0,0,0,0,0,0,0,0,0,0,0,0,56
5c4338d8a04c050001a0a876,1,3,3,0.25,0.75,0.25,0.75,NA,NA,1,1,0,0,0,0,0,0,0,0,0,0,0,0,57
5c4338d8a04c050001a0a876,1,3,2,0,1,0.75,0.25,NA,option1B_tr.bmp,1,2,0,0,1,1,0,0,0,0,0,0,0,1,58
5c4338d8a04c050001a0a876,1,3,3,0.5,0.5,0.75,0.25,NA,option1A_tr.bmp,1,1,0,0,1,0,0,0,0,0,0,0,0,0,59
5c4338d8a04c050001a0a876,1,3,3,0.75,0.25,0.75,0.25,NA,NA,1,1,0,0,0,0,0,0,0,0,0,0,0,0,60
607d6e86f96c147cf2b3223c,2,2,2,0.5,0.5,0.5,0.5,NA,NA,2,2,0,0,0,0,0,0,0,0,0,0,0,1,1
607d6e86f96c147cf2b3223c,2,3,3,0.75,0.25,0.75,0.25,NA,NA,1,1,0,0,0,0,0,0,0,0,0,0,0,1,2
607d6e86f96c147cf2b3223c,2,3,3,1,0,1,0,NA,NA,1,1,0,0,0,0,0,0,0,0,0,0,0,1,3
607d6e86f96c147cf2b3223c,2,3,3,1,0,0.75,0.25,NA,NA,1,1,0,0,0,0,0,0,0,0,1,0,0,1,4
607d6e86f96c147cf2b3223c,2,3,3,0.75,0.25,0.75,0.25,NA,NA,1,1,0,0,0,0,0,0,0,0,0,0,0,1,5
607d6e86f96c147cf2b3223c,2,3,3,1,0,1,0,NA,NA,1,1,0,0,0,0,0,0,0,0,1,0,0,0,6
607d6e86f96c147cf2b3223c,2,3,3,1,0,1,0,NA,NA,1,1,0,0,0,0,0,0,0,0,0,0,0,0,7
607d6e86f96c147cf2b3223c,2,3,3,1,0,1,0,NA,NA,1,1,0,0,0,0,0,0,1,0,0,0,0,0,8
607d6e86f96c147cf2b3223c,2,3,3,0.25,0.75,0.25,0.75,NA,NA,1,1,0,0,0,0,0,0,0,0,0,0,0,0,9
607d6e86f96c147cf2b3223c,2,3,3,1,0,1,0,NA,NA,1,1,0,0,0,0,0,0,0,0,0,0,0,0,10
607d6e86f96c147cf2b3223c,2,3,3,1,0,1,0,NA,NA,1,1,0,0,0,0,0,0,0,0,0,0,0,0,11
607d6e86f96c147cf2b3223c,2,3,3,0.75,0.25,0.75,0.25,NA,NA,1,1,0,0,0,0,0,0,0,0,1,0,0,0,12
607d6e86f96c147cf2b3223c,2,3,3,0.5,0.5,0.75,0.25,NA,NA,2,2,0,0,0,0,0,0,0,0,1,0,0,0,13
607d6e86f96c147cf2b3223c,2,3,3,0.75,0.25,0.75,0.25,NA,NA,1,1,0,0,0,0,0,0,1,0,0,0,1,0,14
607d6e86f96c147cf2b3223c,2,3,3,0.75,0.25,1,0,NA,NA,1,1,0,0,0,0,0,0,0,0,0,0,0,0,15
607d6e86f96c147cf2b3223c,2,3,3,0.75,0.25,1,0,NA,NA,1,1,0,0,0,0,0,0,0,1,0,0,0,0,16
607d6e86f96c147cf2b3223c,2,3,3,1,0,1,0,NA,NA,1,1,0,0,0,0,0,0,1,1,0,0,0,0,17
607d6e86f96c147cf2b3223c,2,3,3,0.75,0.25,0.75,0.25,NA,NA,2,2,0,1,0,0,0,0,0,0,0,0,0,1,18
607d6e86f96c147cf2b3223c,2,3,3,0,1,0,1,NA,NA,2,2,0,0,0,0,0,0,0,0,0,0,0,0,19
607d6e86f96c147cf2b3223c,2,3,3,0.25,0.75,0.25,0.75,NA,NA,2,2,0,0,0,0,0,0,0,0,0,0,0,0,20
607d6e86f96c147cf2b3223c,2,3,3,1,0,1,0,NA,NA,2,2,0,0,0,0,0,0,0,0,0,0,0,0,21
607d6e86f96c147cf2b3223c,2,3,3,0.75,0.25,1,0,NA,NA,2,2,0,0,0,0,0,0,0,0,0,0,0,0,22
607d6e86f96c147cf2b3223c,2,2,3,0.25,0.75,0.5,0.5,NA,NA,2,2,0,1,0,0,0,0,0,0,0,0,0,0,23
607d6e86f96c147cf2b3223c,2,3,3,0.5,0.5,0.5,0.5,NA,NA,2,2,0,1,0,0,0,0,1,0,0,0,1,0,24
607d6e86f96c147cf2b3223c,2,3,3,0.5,0.5,0.5,0.5,NA,NA,2,2,0,0,0,0,0,0,0,0,0,0,0,0,25
607d6e86f96c147cf2b3223c,2,3,3,0.5,0.5,0.75,0.25,NA,NA,2,2,0,0,0,0,0,0,0,0,0,0,0,0,26
607d6e86f96c147cf2b3223c,2,3,3,0.5,0.5,0.5,0.5,NA,NA,1,1,0,0,0,0,1,0,0,0,1,1,0,0,27
607d6e86f96c147cf2b3223c,2,3,3,0.25,0.75,0.75,0.25,NA,NA,1,2,0,0,0,0,0,0,0,0,0,0,0,0,28
607d6e86f96c147cf2b3223c,2,3,3,0.75,0.25,1,0,NA,NA,2,2,0,0,0,0,0,0,0,0,0,0,0,0,29
607d6e86f96c147cf2b3223c,2,3,3,0.75,0.25,0.75,0.25,NA,NA,2,2,0,0,0,0,0,0,0,0,0,0,0,1,30
607d6e86f96c147cf2b3223c,2,3,3,0.5,0.5,0.5,0.5,NA,NA,2,2,0,0,0,0,0,0,0,0,0,0,0,0,31
607d6e86f96c147cf2b3223c,2,3,3,1,0,1,0,NA,NA,2,2,0,0,0,0,0,0,0,0,0,0,0,0,32
607d6e86f96c147cf2b3223c,2,1,3,0.25,0.75,0.75,0.25,NA,NA,1,2,0,0,0,0,0,0,0,0,0,0,0,0,33
607d6e86f96c147cf2b3223c,2,3,3,0.5,0.5,0.75,0.25,NA,NA,2,2,0,0,0,0,0,0,0,0,0,0,1,0,34
607d6e86f96c147cf2b3223c,2,3,3,1,0,1,0,NA,NA,1,1,0,0,0,0,0,0,0,0,0,0,0,0,35
607d6e86f96c147cf2b3223c,2,3,3,0.25,0.75,0.25,0.75,NA,NA,2,2,0,0,0,0,0,0,0,1,0,0,0,0,36
607d6e86f96c147cf2b3223c,2,3,3,1,0,1,0,NA,NA,1,1,0,0,0,0,0,0,0,0,0,0,0,0,37
607d6e86f96c147cf2b3223c,2,3,3,1,0,0.25,0.75,NA,NA,1,1,0,0,0,0,0,0,0,0,1,0,0,1,38
607d6e86f96c147cf2b3223c,2,3,3,0.75,0.25,0.75,0.25,NA,NA,1,1,0,0,0,0,0,0,0,0,0,0,0,0,39
607d6e86f96c147cf2b3223c,2,3,3,1,0,1,0,NA,NA,1,1,0,0,0,0,0,0,0,0,0,0,0,0,40
607d6e86f96c147cf2b3223c,2,3,3,1,0,1,0,NA,NA,1,1,0,0,0,0,0,0,0,0,0,0,0,0,41
607d6e86f96c147cf2b3223c,2,3,3,0.75,0.25,0.5,0.5,NA,NA,1,1,0,0,0,0,0,0,0,0,0,0,0,0,42
607d6e86f96c147cf2b3223c,2,1,3,0.5,0.5,0.5,0.5,NA,NA,1,1,0,1,0,0,0,0,0,0,0,0,0,0,43
607d6e86f96c147cf2b3223c,2,3,3,1,0,0.75,0.25,NA,NA,1,1,0,0,0,0,0,0,0,1,1,0,1,0,44
607d6e86f96c147cf2b3223c,2,3,3,0.5,0.5,0.5,0.5,NA,NA,1,1,0,0,0,0,0,0,0,0,1,0,0,0,45
607d6e86f96c147cf2b3223c,2,3,3,0.25,0.75,0.25,0.75,NA,NA,2,2,0,0,0,0,0,0,0,0,0,0,0,0,46
607d6e86f96c147cf2b3223c,2,3,3,0.75,0.25,1,0,NA,NA,1,1,0,0,0,0,0,0,0,0,0,0,0,0,47
607d6e86f96c147cf2b3223c,2,3,3,1,0,1,0,NA,NA,1,1,0,0,0,0,0,0,0,0,1,0,0,0,48
607d6e86f96c147cf2b3223c,2,3,3,0.5,0.5,0.5,0.5,NA,NA,1,1,0,0,0,0,0,0,1,0,0,0,0,0,49
607d6e86f96c147cf2b3223c,2,2,3,0.75,0.25,0.75,0.25,NA,NA,1,1,0,1,0,0,0,0,0,0,0,0,0,0,50
607d6e86f96c147cf2b3223c,2,3,3,0,1,0,1,NA,NA,2,2,0,0,0,0,0,0,0,1,0,0,0,0,51
607d6e86f96c147cf2b3223c,2,3,3,0.25,0.75,0.5,0.5,NA,NA,2,1,0,0,0,0,0,0,0,0,0,0,0,0,52
607d6e86f96c147cf2b3223c,2,3,3,0.5,0.5,1,0,NA,NA,1,1,0,0,0,0,0,0,0,0,0,0,0,0,53
607d6e86f96c147cf2b3223c,2,3,3,0.25,0.75,0.25,0.75,NA,NA,2,2,0,0,0,0,0,0,0,1,0,0,1,0,54
607d6e86f96c147cf2b3223c,2,3,3,0.5,0.5,0.75,0.25,NA,NA,2,2,0,0,0,0,0,0,0,0,0,0,0,1,55
607d6e86f96c147cf2b3223c,2,3,3,0.75,0.25,1,0,NA,NA,1,1,0,0,0,0,0,0,0,0,0,0,0,0,56
607d6e86f96c147cf2b3223c,2,3,3,0.5,0.5,0.5,0.5,NA,NA,2,2,0,0,0,0,0,0,0,0,0,0,0,0,57
607d6e86f96c147cf2b3223c,2,3,3,0.75,0.25,0.75,0.25,NA,NA,2,2,0,0,0,0,0,0,0,0,1,0,0,1,58
607d6e86f96c147cf2b3223c,2,3,3,0.5,0.5,0.75,0.25,NA,NA,1,1,0,0,0,0,0,0,0,0,1,0,0,0,59
607d6e86f96c147cf2b3223c,2,3,3,0.75,0.25,0.75,0.25,NA,NA,1,1,0,0,0,0,0,0,0,0,0,0,0,0,60
5e3c759575109a055e99b38a,3,1,1,0.5,0.5,0.5,0.5,NA,NA,2,2,0,0,0,0,0,0,0,0,0,0,0,0,1
5e3c759575109a055e99b38a,3,1,1,0.25,0.75,0.25,0.75,NA,NA,1,1,0,0,0,0,0,0,0,1,0,0,0,0,2
5e3c759575109a055e99b38a,3,2,2,0.75,0.25,0.75,0.25,NA,NA,1,1,0,0,0,0,0,0,0,0,0,0,0,0,3
5e3c759575109a055e99b38a,3,1,1,0.5,0.5,1,0,NA,NA,1,1,0,0,0,0,0,0,0,1,1,0,0,0,4
5e3c759575109a055e99b38a,3,1,1,0.5,0.5,1,0,NA,NA,2,2,0,0,0,0,0,0,0,0,0,0,0,0,5
5e3c759575109a055e99b38a,3,2,2,0.5,0.5,0.5,0.5,NA,NA,1,1,0,0,0,0,0,0,0,0,0,0,0,0,6
5e3c759575109a055e99b38a,3,2,2,1,0,1,0,NA,NA,1,1,0,0,0,0,0,0,0,0,0,0,0,0,7
5e3c759575109a055e99b38a,3,2,2,1,0,0.75,0.25,NA,NA,1,1,0,0,0,0,0,0,0,0,0,1,0,0,8
5e3c759575109a055e99b38a,3,1,1,0.25,0.75,0,1,NA,NA,1,1,0,0,0,0,0,0,0,0,0,0,0,0,9
5e3c759575109a055e99b38a,3,2,2,0.75,0.25,1,0,NA,NA,1,1,0,0,0,0,0,0,0,0,0,0,0,0,10
5e3c759575109a055e99b38a,3,3,3,0.5,0.5,0.5,0.5,NA,NA,1,1,0,0,0,0,0,0,0,0,0,0,0,0,11
5e3c759575109a055e99b38a,3,2,1,1,0,1,0,NA,NA,1,1,0,0,0,0,0,0,0,0,0,0,0,0,12
5e3c759575109a055e99b38a,3,1,1,0.5,0.5,0.5,0.5,NA,NA,1,1,0,0,0,0,0,0,0,0,0,0,1,0,13
5e3c759575109a055e99b38a,3,1,1,0.75,0.25,0.75,0.25,NA,NA,1,1,0,0,0,0,0,0,0,0,0,1,0,0,14
5e3c759575109a055e99b38a,3,2,1,0.5,0.5,0.25,0.75,NA,option1B_tr.bmp,1,2,0,0,1,1,0,1,0,0,0,0,0,0,15
5e3c759575109a055e99b38a,3,2,2,0.25,0.75,0.25,0.75,NA,NA,1,1,0,0,0,0,0,0,0,1,0,0,0,0,16
5e3c759575109a055e99b38a,3,1,1,0.25,0.75,0.25,0.75,NA,NA,1,1,0,0,0,0,0,0,0,0,0,0,0,0,17
5e3c759575109a055e99b38a,3,1,1,0.5,0.5,1,0,NA,NA,2,2,0,0,0,0,0,0,0,0,0,0,0,0,18
5e3c759575109a055e99b38a,3,1,1,0.75,0.25,1,0,NA,NA,1,1,0,0,0,0,0,0,0,0,0,0,0,0,19
5e3c759575109a055e99b38a,3,1,1,0.25,0.75,0.75,0.25,NA,NA,2,2,0,0,0,0,0,0,0,0,0,0,0,0,20
5e3c759575109a055e99b38a,3,2,2,0.75,0.25,0.5,0.5,NA,NA,2,2,0,0,0,0,0,0,1,0,0,0,0,0,21
5e3c759575109a055e99b38a,3,3,2,0.5,0.5,0.25,0.75,NA,NA,2,2,0,0,0,0,0,0,0,0,0,1,1,0,22
5e3c759575109a055e99b38a,3,1,1,0.75,0.25,0.75,0.25,NA,NA,2,2,0,0,0,0,0,0,0,0,0,0,0,0,23
5e3c759575109a055e99b38a,3,2,2,0.75,0.25,1,0,NA,NA,2,2,0,0,0,0,0,0,0,0,0,0,0,0,24
5e3c759575109a055e99b38a,3,2,2,0.75,0.25,1,0,NA,NA,2,2,0,0,0,0,0,0,0,0,0,0,0,0,25
5e3c759575109a055e99b38a,3,2,2,0.75,0.25,1,0,NA,NA,2,2,0,0,0,0,0,0,0,0,0,0,0,0,26
5e3c759575109a055e99b38a,3,2,2,0.25,0.75,0.25,0.75,NA,NA,2,2,0,0,0,0,0,0,0,0,0,0,0,0,27
5e3c759575109a055e99b38a,3,2,2,0.25,0.75,0.5,0.5,NA,NA,2,2,0,0,0,0,0,0,0,0,0,0,0,0,28
5e3c759575109a055e99b38a,3,1,1,0.5,0.5,0.75,0.25,NA,NA,2,2,0,0,0,0,0,0,0,0,0,0,0,0,29
5e3c759575109a055e99b38a,3,1,1,0.5,0.5,0.75,0.25,NA,NA,2,2,0,0,0,0,0,0,0,0,0,0,0,0,30
5e3c759575109a055e99b38a,3,1,1,0,1,0,1,NA,NA,2,2,0,0,0,0,0,0,0,0,0,0,0,0,31
5e3c759575109a055e99b38a,3,1,1,1,0,1,0,NA,NA,2,2,0,0,0,0,0,0,0,1,0,0,0,0,32
5e3c759575109a055e99b38a,3,2,2,0.75,0.25,1,0,NA,NA,2,2,0,0,0,0,0,0,0,0,0,0,0,0,33
5e3c759575109a055e99b38a,3,2,2,0.25,0.75,0.25,0.75,NA,NA,2,2,0,0,0,0,0,0,0,0,0,0,0,0,34
5e3c759575109a055e99b38a,3,1,1,0.75,0.25,1,0,NA,NA,1,1,0,0,0,0,0,0,0,0,0,0,0,0,35
5e3c759575109a055e99b38a,3,1,1,1,0,0.75,0.25,NA,NA,2,2,0,0,0,0,0,0,0,0,0,1,0,0,36
5e3c759575109a055e99b38a,3,2,2,0.5,0.5,0.5,0.5,NA,NA,1,1,0,0,0,0,0,0,0,0,0,0,0,0,37
5e3c759575109a055e99b38a,3,3,3,0.5,0.5,0.75,0.25,NA,NA,1,1,0,0,0,0,0,0,0,0,0,0,0,0,38
5e3c759575109a055e99b38a,3,3,3,0.5,0.5,0.25,0.75,NA,NA,1,1,0,0,0,0,0,1,0,0,0,1,0,0,39
5e3c759575109a055e99b38a,3,2,2,0.5,0.5,0.75,0.25,NA,NA,1,1,0,0,0,0,0,0,0,0,0,0,0,0,40
5e3c759575109a055e99b38a,3,1,1,0.5,0.5,1,0,NA,NA,1,1,0,0,0,0,0,0,0,0,0,0,0,0,41
5e3c759575109a055e99b38a,3,1,1,0,1,0,1,NA,NA,1,1,0,0,0,0,0,0,0,0,0,0,0,0,42
5e3c759575109a055e99b38a,3,1,1,0.75,0.25,1,0,NA,NA,1,1,0,0,0,0,0,0,0,0,0,0,0,1,43
5e3c759575109a055e99b38a,3,1,1,0.75,0.25,1,0,NA,NA,1,1,0,0,0,0,0,0,0,1,0,0,0,0,44
5e3c759575109a055e99b38a,3,1,1,0.5,0.5,0.5,0.5,NA,NA,1,1,0,0,0,0,0,0,0,0,0,0,0,0,45
5e3c759575109a055e99b38a,3,1,1,0.25,0.75,0,1,NA,NA,1,1,0,0,0,0,0,0,0,0,0,0,0,0,46
5e3c759575109a055e99b38a,3,1,1,0,1,0.75,0.25,NA,NA,2,1,0,0,0,0,0,0,0,0,0,0,0,0,47
5e3c759575109a055e99b38a,3,1,1,0.75,0.25,0.75,0.25,NA,NA,1,1,0,0,0,0,0,0,0,0,0,0,0,0,48
5e3c759575109a055e99b38a,3,1,1,0.25,0.75,0.5,0.5,NA,NA,1,1,0,0,0,0,0,0,0,0,0,0,0,0,49
5e3c759575109a055e99b38a,3,2,2,0.75,0.25,1,0,NA,NA,1,1,0,0,0,0,0,0,0,0,0,0,0,0,50
5e3c759575109a055e99b38a,3,2,2,0.25,0.75,0.25,0.75,NA,NA,1,1,0,0,0,0,0,0,0,1,0,0,0,0,51
5e3c759575109a055e99b38a,3,2,2,0.5,0.5,0.75,0.25,NA,NA,2,2,0,0,0,0,0,0,0,0,0,0,0,0,52
5e3c759575109a055e99b38a,3,1,1,0.75,0.25,1,0,NA,NA,1,1,0,0,0,0,0,0,0,0,0,0,0,1,53
5e3c759575109a055e99b38a,3,2,2,0.5,0.5,0.75,0.25,NA,NA,2,2,0,0,0,0,0,0,0,0,0,0,0,0,54
5e3c759575109a055e99b38a,3,2,2,0.5,0.5,0.25,0.75,NA,NA,2,2,0,0,0,0,0,0,0,1,0,0,0,0,55
5e3c759575109a055e99b38a,3,2,2,0.5,0.5,0.75,0.25,NA,NA,2,2,0,0,0,0,0,0,0,0,0,0,0,0,56
5e3c759575109a055e99b38a,3,2,2,0.5,0.5,0.75,0.25,NA,NA,2,2,0,0,0,0,0,0,0,1,0,0,0,0,57
5e3c759575109a055e99b38a,3,2,2,0.5,0.5,0.5,0.5,NA,NA,2,2,0,0,0,0,0,0,0,0,0,0,0,0,58
5e3c759575109a055e99b38a,3,1,1,0.5,0.5,0.5,0.5,NA,NA,2,2,0,0,0,0,0,0,0,0,0,0,1,0,59
5e3c759575109a055e99b38a,3,2,2,1,0,1,0,NA,NA,2,2,0,0,0,0,0,0,0,0,0,0,0,0,60
67862f57b5350ebed10fac1f,4,1,1,0.25,0.75,0.25,0.75,NA,NA,1,1,0,0,0,0,0,0,0,0,0,0,0,1,1
67862f57b5350ebed10fac1f,4,1,2,0.75,0.25,0.75,0.25,NA,NA,1,1,0,0,0,0,0,0,0,0,0,0,0,1,2
67862f57b5350ebed10fac1f,4,3,3,1,0,1,0,NA,NA,1,1,0,0,0,0,0,0,0,0,0,0,0,1,3
67862f57b5350ebed10fac1f,4,2,2,1,0,0.75,0.25,NA,NA,1,1,0,0,0,0,0,0,0,0,0,1,0,1,4
67862f57b5350ebed10fac1f,4,1,2,0.75,0.25,0.75,0.25,NA,NA,1,1,0,0,0,0,0,0,0,0,0,0,0,1,5
67862f57b5350ebed10fac1f,4,3,3,1,0,1,0,NA,NA,1,1,0,0,0,0,0,0,0,0,0,1,0,0,6
67862f57b5350ebed10fac1f,4,2,2,1,0,1,0,NA,NA,1,1,0,0,0,0,0,0,0,0,0,0,0,0,7
67862f57b5350ebed10fac1f,4,2,2,1,0,1,0,NA,NA,1,1,0,0,0,0,0,0,1,0,0,0,0,0,8
67862f57b5350ebed10fac1f,4,1,1,0.25,0.75,0.25,0.75,NA,NA,1,1,0,0,0,0,0,0,0,0,0,0,0,0,9
67862f57b5350ebed10fac1f,4,1,1,1,0,1,0,NA,NA,1,1,0,0,0,0,0,0,0,0,0,0,0,0,10
67862f57b5350ebed10fac1f,4,2,2,1,0,1,0,NA,NA,1,1,0,0,0,0,0,0,0,0,0,0,0,0,11
67862f57b5350ebed10fac1f,4,1,1,0.75,0.25,0.75,0.25,NA,NA,1,1,0,0,0,0,0,0,0,0,0,1,0,0,12
67862f57b5350ebed10fac1f,4,1,1,0.25,0.75,0,1,NA,NA,1,1,0,0,0,0,0,0,0,0,0,1,0,0,13
67862f57b5350ebed10fac1f,4,1,1,0.75,0.25,0.75,0.25,NA,NA,1,1,0,0,0,0,0,0,1,0,0,0,1,0,14
67862f57b5350ebed10fac1f,4,1,1,0.75,0.25,1,0,NA,NA,1,1,0,0,0,0,0,0,0,0,0,0,0,0,15
67862f57b5350ebed10fac1f,4,1,2,0.75,0.25,1,0,NA,NA,1,1,0,0,0,0,0,0,0,1,0,0,0,0,16
67862f57b5350ebed10fac1f,4,1,1,1,0,1,0,NA,NA,1,1,0,0,0,0,0,0,1,1,0,0,0,0,17
67862f57b5350ebed10fac1f,4,1,1,0.75,0.25,0.75,0.25,NA,NA,2,2,0,0,0,0,0,0,0,0,0,0,0,1,18
67862f57b5350ebed10fac1f,4,1,1,0.75,0.25,0.75,0.25,NA,NA,1,1,0,0,0,0,0,0,0,0,0,0,0,0,19
67862f57b5350ebed10fac1f,4,1,1,0.5,0.5,0.5,0.5,NA,NA,1,1,0,0,0,0,0,0,0,0,0,0,0,0,20
67862f57b5350ebed10fac1f,4,1,1,1,0,1,0,NA,NA,2,2,0,0,0,0,0,0,0,0,0,0,0,0,21
67862f57b5350ebed10fac1f,4,2,2,0.75,0.25,1,0,NA,NA,2,2,0,0,0,0,0,0,0,0,0,0,0,0,22
67862f57b5350ebed10fac1f,4,1,1,0.25,0.75,0.5,0.5,NA,NA,2,2,0,0,0,0,0,0,0,0,0,0,0,0,23
67862f57b5350ebed10fac1f,4,1,1,0.5,0.5,0.5,0.5,NA,NA,2,2,0,0,0,0,0,0,1,0,0,0,1,0,24
67862f57b5350ebed10fac1f,4,2,2,0.5,0.5,0.5,0.5,NA,NA,2,2,0,0,0,0,0,0,0,0,0,0,0,0,25
67862f57b5350ebed10fac1f,4,3,3,0.5,0.5,0.75,0.25,NA,NA,2,2,0,0,0,0,0,0,0,0,0,0,0,0,26
67862f57b5350ebed10fac1f,4,2,1,0.25,0.75,0.25,0.75,NA,option1B_tr.bmp,2,2,0,0,1,0,0,1,0,0,0,1,0,0,27
67862f57b5350ebed10fac1f,4,2,2,0.5,0.5,0.75,0.25,NA,NA,2,2,0,0,0,0,0,0,0,0,0,0,0,0,28
67862f57b5350ebed10fac1f,4,2,2,0.75,0.25,1,0,NA,NA,2,2,0,0,0,0,0,0,0,0,0,0,0,0,29
67862f57b5350ebed10fac1f,4,2,2,0.75,0.25,0.75,0.25,NA,NA,2,2,0,0,0,0,0,0,0,0,0,0,0,1,30
67862f57b5350ebed10fac1f,4,1,1,0.5,0.5,0.5,0.5,NA,NA,2,2,0,0,0,0,0,0,0,0,0,0,0,0,31
67862f57b5350ebed10fac1f,4,1,1,1,0,1,0,NA,NA,2,2,0,0,0,0,0,0,0,0,0,0,0,0,32
67862f57b5350ebed10fac1f,4,1,1,0.5,0.5,0.75,0.25,NA,NA,2,2,0,0,0,0,0,0,0,0,0,0,0,0,33
67862f57b5350ebed10fac1f,4,1,1,0.5,0.5,0.75,0.25,NA,NA,2,2,0,0,0,0,0,0,0,0,0,0,1,0,34
67862f57b5350ebed10fac1f,4,1,1,1,0,1,0,NA,NA,1,1,0,0,0,0,0,0,0,0,0,0,0,0,35
67862f57b5350ebed10fac1f,4,1,1,0.5,0.5,0.5,0.5,NA,NA,1,1,0,0,0,0,0,0,0,1,0,0,0,0,36
67862f57b5350ebed10fac1f,4,2,2,1,0,1,0,NA,NA,1,1,0,0,0,0,0,0,0,0,0,0,0,0,37
67862f57b5350ebed10fac1f,4,2,2,1,0,0.25,0.75,NA,NA,1,1,0,0,0,0,0,0,0,0,0,1,0,1,38
67862f57b5350ebed10fac1f,4,1,1,0.75,0.25,0.75,0.25,NA,NA,1,1,0,0,0,0,0,0,0,0,0,0,0,0,39
67862f57b5350ebed10fac1f,4,2,2,1,0,1,0,NA,NA,1,1,0,0,0,0,0,0,0,0,0,0,0,0,40
67862f57b5350ebed10fac1f,4,1,1,1,0,1,0,NA,NA,1,1,0,0,0,0,0,0,0,0,0,0,0,0,41
67862f57b5350ebed10fac1f,4,1,1,0,1,0.25,0.75,NA,NA,2,2,0,0,0,0,0,0,0,0,0,0,0,0,42
67862f57b5350ebed10fac1f,4,1,1,0.25,0.75,0.25,0.75,NA,NA,2,2,0,0,0,0,0,0,0,0,0,0,0,0,43
67862f57b5350ebed10fac1f,4,1,1,1,0,0.75,0.25,NA,NA,1,1,0,0,0,0,0,0,0,1,0,1,1,0,44
67862f57b5350ebed10fac1f,4,2,2,0.5,0.5,0.5,0.5,NA,NA,1,1,0,0,0,0,0,0,0,0,0,1,0,0,45
67862f57b5350ebed10fac1f,4,1,1,0.5,0.5,0.5,0.5,NA,NA,1,1,0,0,0,0,0,0,0,0,0,0,0,0,46
67862f57b5350ebed10fac1f,4,2,2,0.75,0.25,1,0,NA,NA,1,1,0,0,0,0,0,0,0,0,0,0,0,0,47
67862f57b5350ebed10fac1f,4,1,1,1,0,1,0,NA,NA,1,1,0,0,0,0,0,0,0,0,0,1,0,0,48
67862f57b5350ebed10fac1f,4,1,1,0.5,0.5,0.5,0.5,NA,NA,1,1,0,0,0,0,0,0,1,0,0,0,0,0,49
67862f57b5350ebed10fac1f,4,1,1,0.75,0.25,0.75,0.25,NA,NA,1,1,0,0,0,0,0,0,0,0,0,0,0,0,50
67862f57b5350ebed10fac1f,4,1,1,0.75,0.25,0.75,0.25,NA,NA,1,1,0,0,0,0,0,0,0,1,0,0,0,0,51
67862f57b5350ebed10fac1f,4,1,1,0.25,0.75,0.25,0.75,NA,NA,2,2,0,0,0,0,0,0,0,0,0,0,0,0,52
67862f57b5350ebed10fac1f,4,1,1,0.5,0.5,1,0,NA,NA,1,1,0,0,0,0,0,0,0,0,0,0,0,0,53
67862f57b5350ebed10fac1f,4,1,1,0.5,0.5,0.5,0.5,NA,NA,1,1,0,0,0,0,0,0,0,1,0,0,1,0,54
67862f57b5350ebed10fac1f,4,1,1,0.5,0.5,0.75,0.25,NA,NA,2,2,0,0,0,0,0,0,0,0,0,0,0,1,55
67862f57b5350ebed10fac1f,4,1,1,0.75,0.25,1,0,NA,NA,1,1,0,0,0,0,0,0,0,0,0,0,0,0,56
67862f57b5350ebed10fac1f,4,1,1,0.25,0.75,0.25,0.75,NA,NA,1,1,0,0,0,0,0,0,0,0,0,0,0,0,57
67862f57b5350ebed10fac1f,4,1,1,0.75,0.25,0.75,0.25,NA,NA,2,2,0,0,0,0,0,0,0,0,0,1,0,1,58
67862f57b5350ebed10fac1f,4,1,1,0.25,0.75,0.75,0.25,NA,NA,2,1,0,0,0,0,0,0,0,0,0,1,0,0,59
67862f57b5350ebed10fac1f,4,1,1,0.75,0.25,0.75,0.25,NA,NA,1,1,0,0,0,0,0,0,0,0,0,0,0,0,60
622bb4f79c52ad04bb91e752,5,2,2,0.5,0.5,0.5,0.5,NA,NA,2,2,0,0,0,0,0,0,0,0,0,0,0,0,1
622bb4f79c52ad04bb91e752,5,3,3,0.25,0.75,0.25,0.75,NA,NA,1,1,0,0,0,0,0,0,0,1,0,0,0,0,2
622bb4f79c52ad04bb91e752,5,2,1,0,1,0,1,NA,NA,2,2,0,0,0,0,0,0,0,0,0,0,0,0,3
622bb4f79c52ad04bb91e752,5,3,3,0.5,0.5,1,0,NA,NA,1,1,0,0,0,0,0,0,0,1,1,0,0,0,4
622bb4f79c52ad04bb91e752,5,3,3,0.5,0.5,1,0,NA,NA,2,2,0,0,0,1,0,0,0,0,0,0,0,0,5
622bb4f79c52ad04bb91e752,5,2,2,0.5,0.5,0.5,0.5,NA,NA,1,1,0,0,0,0,0,0,0,0,0,0,0,0,6
622bb4f79c52ad04bb91e752,5,1,3,1,0,1,0,NA,NA,1,1,0,1,0,0,0,0,0,0,0,0,0,0,7
622bb4f79c52ad04bb91e752,5,2,3,1,0,0.75,0.25,NA,NA,1,1,0,0,0,0,0,0,0,0,0,0,1,0,8
622bb4f79c52ad04bb91e752,5,1,2,0.5,0.5,0.75,0.25,NA,NA,2,2,0,0,0,0,0,0,0,0,0,0,0,0,9
622bb4f79c52ad04bb91e752,5,3,3,0.75,0.25,1,0,NA,NA,1,1,0,0,0,0,0,0,0,0,0,0,0,0,10
622bb4f79c52ad04bb91e752,5,2,1,0.5,0.5,0.5,0.5,NA,NA,1,1,0,0,0,0,0,0,0,0,0,0,0,0,11
622bb4f79c52ad04bb91e752,5,3,3,1,0,1,0,NA,NA,1,1,0,0,0,0,0,0,0,0,0,0,0,0,12
622bb4f79c52ad04bb91e752,5,2,2,0.25,0.75,0.5,0.5,NA,option1A_tr.bmp,2,1,0,1,1,0,0,0,0,0,0,0,0,0,13
622bb4f79c52ad04bb91e752,5,3,3,0.75,0.25,0.75,0.25,NA,NA,1,1,0,0,0,0,0,0,0,0,0,0,1,0,14
622bb4f79c52ad04bb91e752,5,3,3,0.5,0.5,0.5,0.5,NA,NA,1,1,0,0,0,0,0,0,1,0,0,1,0,0,15
622bb4f79c52ad04bb91e752,5,1,1,0.5,0.5,0.25,0.75,NA,NA,2,1,0,0,0,0,0,0,0,1,0,0,0,0,16
622bb4f79c52ad04bb91e752,5,2,1,0.25,0.75,0.25,0.75,NA,NA,1,1,0,0,0,0,0,0,0,0,0,0,0,0,17
622bb4f79c52ad04bb91e752,5,1,1,0.5,0.5,1,0,NA,NA,2,2,0,0,0,0,0,0,0,0,0,0,0,0,18
622bb4f79c52ad04bb91e752,5,1,3,0.75,0.25,1,0,NA,NA,1,1,0,0,0,0,0,0,0,0,0,0,0,0,19
622bb4f79c52ad04bb91e752,5,1,1,0.5,0.5,0.75,0.25,NA,NA,1,2,0,0,0,0,0,0,0,0,0,0,0,0,20
622bb4f79c52ad04bb91e752,5,1,2,0.75,0.25,0.5,0.5,option1B_tr.bmp,NA,2,2,1,0,0,0,0,0,0,0,0,0,0,0,21
622bb4f79c52ad04bb91e752,5,1,1,0.5,0.5,0.5,0.5,NA,option1A_tr.bmp,2,1,0,0,1,1,0,0,0,0,0,0,1,0,22
622bb4f79c52ad04bb91e752,5,1,3,0.75,0.25,0.75,0.25,NA,NA,2,2,0,1,0,0,0,0,0,0,0,0,0,0,23
622bb4f79c52ad04bb91e752,5,2,3,0.75,0.25,1,0,NA,NA,2,2,0,0,0,0,0,0,0,0,0,0,0,0,24
622bb4f79c52ad04bb91e752,5,2,3,0.75,0.25,1,0,NA,NA,2,2,0,0,0,0,0,0,0,0,0,0,0,0,25
622bb4f79c52ad04bb91e752,5,1,3,0.75,0.25,1,0,NA,NA,2,2,0,0,0,0,0,0,0,0,0,0,0,0,26
622bb4f79c52ad04bb91e752,5,1,1,0.5,0.5,0.5,0.5,NA,NA,1,1,0,0,0,0,0,0,0,0,0,0,0,0,27
622bb4f79c52ad04bb91e752,5,1,1,0.25,0.75,0.5,0.5,NA,NA,2,2,0,0,0,0,0,0,0,0,0,0,0,0,28
622bb4f79c52ad04bb91e752,5,1,1,0.5,0.5,0.75,0.25,NA,NA,2,2,0,0,0,0,0,0,0,0,0,0,0,0,29
622bb4f79c52ad04bb91e752,5,1,2,0.5,0.5,0.75,0.25,NA,NA,2,2,0,0,0,0,0,0,0,0,0,0,0,0,30
622bb4f79c52ad04bb91e752,5,1,3,0.75,0.25,0.75,0.25,NA,NA,1,1,0,0,0,0,0,0,0,0,0,0,0,0,31
622bb4f79c52ad04bb91e752,5,3,3,1,0,1,0,NA,NA,2,2,0,0,0,0,0,0,0,1,0,0,0,0,32
622bb4f79c52ad04bb91e752,5,3,3,0.75,0.25,1,0,NA,NA,2,2,0,0,0,0,0,0,0,0,0,0,0,0,33
622bb4f79c52ad04bb91e752,5,1,1,0.5,0.5,0.5,0.5,NA,NA,1,1,0,0,0,0,0,0,0,0,0,0,0,0,34
622bb4f79c52ad04bb91e752,5,3,3,0.75,0.25,1,0,NA,NA,1,1,0,0,0,0,0,0,0,0,0,0,0,0,35
622bb4f79c52ad04bb91e752,5,1,3,1,0,0.75,0.25,NA,NA,2,2,0,0,0,0,0,0,0,0,0,0,1,0,36
622bb4f79c52ad04bb91e752,5,1,3,0.25,0.75,0.5,0.5,NA,NA,2,1,0,0,0,0,0,0,0,0,0,0,0,0,37
622bb4f79c52ad04bb91e752,5,1,1,0.25,0.75,0,1,NA,NA,2,2,0,0,0,0,0,0,0,0,0,0,0,0,38
622bb4f79c52ad04bb91e752,5,1,1,0.25,0.75,0.5,0.5,NA,NA,2,2,0,0,0,0,0,0,1,0,0,0,1,0,39
622bb4f79c52ad04bb91e752,5,1,2,0.5,0.5,0.75,0.25,NA,NA,1,1,0,0,0,0,0,0,0,0,0,0,0,0,40
622bb4f79c52ad04bb91e752,5,2,2,0.5,0.5,1,0,NA,NA,1,1,0,0,0,0,0,0,0,0,0,0,0,0,41
622bb4f79c52ad04bb91e752,5,1,2,0.75,0.25,0.75,0.25,NA,NA,2,2,0,0,0,0,0,0,0,0,0,0,0,0,42
622bb4f79c52ad04bb91e752,5,1,3,0.75,0.25,1,0,NA,NA,1,1,0,0,0,0,0,0,0,0,0,0,0,1,43
622bb4f79c52ad04bb91e752,5,3,3,0.75,0.25,1,0,NA,NA,1,1,0,0,0,0,0,0,0,1,0,0,0,0,44
622bb4f79c52ad04bb91e752,5,1,1,0.25,0.75,0.25,0.75,NA,NA,2,2,0,0,0,0,0,0,0,0,0,0,0,0,45
622bb4f79c52ad04bb91e752,5,2,2,0.5,0.5,0.75,0.25,NA,NA,2,2,0,0,0,0,0,0,0,0,0,0,0,0,46
622bb4f79c52ad04bb91e752,5,3,3,0.75,0.25,0.75,0.25,NA,NA,1,1,0,0,0,0,0,0,0,0,0,0,0,0,47
622bb4f79c52ad04bb91e752,5,3,3,0.75,0.25,0.75,0.25,NA,NA,1,1,0,0,0,0,0,0,0,0,0,0,0,0,48
622bb4f79c52ad04bb91e752,5,1,1,0.5,0.5,0.25,0.75,NA,NA,2,2,0,0,0,0,0,0,0,0,0,0,0,0,49
622bb4f79c52ad04bb91e752,5,2,3,0.75,0.25,1,0,NA,NA,1,1,0,0,0,0,0,0,0,0,0,0,0,0,50
622bb4f79c52ad04bb91e752,5,1,2,0.5,0.5,0.5,0.5,NA,NA,2,2,0,0,0,0,0,0,0,1,0,0,0,0,51
622bb4f79c52ad04bb91e752,5,1,1,0.5,0.5,0.75,0.25,NA,NA,2,2,0,0,0,0,0,0,0,0,0,0,0,0,52
622bb4f79c52ad04bb91e752,5,1,2,0.75,0.25,1,0,NA,NA,1,1,0,0,0,0,0,0,0,0,0,0,0,1,53
622bb4f79c52ad04bb91e752,5,1,3,0.5,0.5,0.75,0.25,NA,NA,2,2,0,0,0,0,0,0,0,0,0,0,0,0,54
622bb4f79c52ad04bb91e752,5,1,2,0.25,0.75,0.25,0.75,NA,NA,1,2,0,0,0,0,0,0,0,1,0,0,0,0,55
622bb4f79c52ad04bb91e752,5,1,1,0.25,0.75,0.75,0.25,NA,NA,1,2,0,0,0,0,0,0,0,0,0,0,0,0,56
622bb4f79c52ad04bb91e752,5,1,1,0.5,0.5,0.75,0.25,NA,NA,2,2,0,0,0,1,0,0,0,1,0,0,0,0,57
622bb4f79c52ad04bb91e752,5,1,1,0.25,0.75,0.25,0.75,NA,NA,1,1,0,0,0,0,0,0,0,0,0,0,0,0,58
622bb4f79c52ad04bb91e752,5,1,1,0.25,0.75,0.25,0.75,NA,option1A_tr.bmp,1,1,0,0,1,0,0,0,0,0,0,0,0,0,59
622bb4f79c52ad04bb91e752,5,1,3,1,0,1,0,NA,NA,2,2,0,0,0,0,0,0,0,0,0,0,0,0,60
66095082185479f7db42d782,6,2,2,0.25,0.75,0.5,0.5,NA,NA,1,2,0,0,0,0,0,0,0,0,0,0,0,1,1
66095082185479f7db42d782,6,3,3,0.75,0.25,0.75,0.25,NA,NA,1,1,0,0,0,0,0,0,0,0,0,0,0,1,2
66095082185479f7db42d782,6,3,3,1,0,1,0,NA,NA,1,1,0,0,0,0,0,0,0,0,0,0,0,1,3
66095082185479f7db42d782,6,3,3,1,0,0.75,0.25,NA,NA,1,1,0,0,0,0,0,0,0,0,0,1,0,1,4
66095082185479f7db42d782,6,1,2,0,1,0.75,0.25,NA,NA,2,1,0,1,0,0,0,0,0,0,0,0,0,1,5
66095082185479f7db42d782,6,3,3,1,0,1,0,NA,NA,1,1,0,0,0,0,0,0,0,0,0,1,0,0,6
66095082185479f7db42d782,6,3,3,1,0,1,0,NA,NA,1,1,0,0,0,0,0,0,0,0,0,0,0,0,7
66095082185479f7db42d782,6,3,2,1,0,1,0,option1A_tr.bmp,NA,1,1,1,0,0,0,0,0,0,0,0,0,0,0,8
66095082185479f7db42d782,6,3,3,0.5,0.5,0.5,0.5,NA,NA,2,2,0,0,0,0,0,0,0,0,0,0,0,0,9
66095082185479f7db42d782,6,2,2,1,0,1,0,NA,NA,1,1,0,0,0,0,0,0,0,0,0,0,0,0,10
66095082185479f7db42d782,6,2,2,1,0,1,0,NA,NA,1,1,0,0,0,0,0,0,0,0,0,0,0,0,11
66095082185479f7db42d782,6,3,2,0.75,0.25,0.75,0.25,NA,NA,1,1,0,0,0,0,0,0,0,0,0,1,0,0,12
66095082185479f7db42d782,6,2,1,0.5,0.5,0.75,0.25,NA,NA,2,2,0,0,0,1,0,0,0,0,0,1,0,0,13
66095082185479f7db42d782,6,1,3,0.75,0.25,0.75,0.25,option1A_tr.bmp,option1A_tr.bmp,1,1,1,0,1,1,0,0,0,0,0,0,0,0,14
66095082185479f7db42d782,6,3,3,0.75,0.25,1,0,NA,NA,1,1,0,0,0,0,0,0,0,0,0,0,0,0,15
66095082185479f7db42d782,6,3,3,0.75,0.25,1,0,NA,NA,1,1,0,0,0,0,0,0,0,1,0,0,0,0,16
66095082185479f7db42d782,6,1,2,1,0,1,0,option1A_tr.bmp,NA,1,1,1,0,0,1,0,0,0,1,0,0,0,0,17
66095082185479f7db42d782,6,3,3,0.75,0.25,0.75,0.25,NA,NA,2,2,0,0,0,0,0,0,0,0,0,0,0,1,18
66095082185479f7db42d782,6,2,2,0.75,0.25,0.75,0.25,NA,NA,1,1,0,0,0,0,0,0,0,0,0,0,0,0,19
66095082185479f7db42d782,6,2,2,0.5,0.5,0.5,0.5,NA,NA,1,1,0,0,0,0,0,0,0,0,0,0,0,0,20
66095082185479f7db42d782,6,2,2,1,0,1,0,NA,NA,2,2,0,0,0,0,0,0,0,0,0,0,0,0,21
66095082185479f7db42d782,6,2,2,0.75,0.25,1,0,NA,NA,2,2,0,0,0,0,0,0,0,0,0,0,0,0,22
66095082185479f7db42d782,6,2,2,0.5,0.5,0.25,0.75,NA,NA,1,1,0,0,0,0,0,0,0,0,0,0,0,0,23
66095082185479f7db42d782,6,2,3,0.5,0.5,0.5,0.5,option1B_tr.bmp,option1B_tr.bmp,2,2,1,0,1,0,0,0,0,0,0,0,0,0,24
66095082185479f7db42d782,6,3,3,0.5,0.5,0.5,0.5,NA,NA,2,2,0,0,0,0,0,0,0,0,0,0,0,0,25
66095082185479f7db42d782,6,3,3,0.5,0.5,0.75,0.25,NA,NA,2,2,0,0,0,0,0,0,0,0,0,0,0,0,26
66095082185479f7db42d782,6,2,2,0.5,0.5,0.5,0.5,NA,NA,1,1,0,0,0,0,0,1,0,0,0,1,1,0,27
66095082185479f7db42d782,6,2,2,0.5,0.5,0.75,0.25,NA,NA,2,2,0,0,0,0,0,0,0,0,0,0,0,0,28
66095082185479f7db42d782,6,2,2,0.75,0.25,1,0,NA,NA,2,2,0,0,0,0,0,0,0,0,0,0,0,0,29
66095082185479f7db42d782,6,2,2,0.75,0.25,0.75,0.25,NA,NA,2,2,0,0,0,0,0,0,0,0,0,0,0,1,30
66095082185479f7db42d782,6,3,2,0.25,0.75,0.25,0.75,NA,NA,1,1,0,0,0,0,0,0,0,0,0,0,0,0,31
66095082185479f7db42d782,6,1,1,1,0,1,0,NA,NA,2,2,0,0,0,0,0,0,0,0,0,0,0,0,32
66095082185479f7db42d782,6,2,2,0.5,0.5,0.75,0.25,NA,NA,2,2,0,0,0,0,0,0,0,0,0,0,0,0,33
66095082185479f7db42d782,6,1,2,0.5,0.5,0.75,0.25,NA,option1B_tr.bmp,2,2,0,0,1,0,0,0,0,0,0,0,0,0,34
66095082185479f7db42d782,6,3,2,1,0,1,0,NA,NA,1,1,0,0,0,0,0,0,0,0,0,0,0,0,35
66095082185479f7db42d782,6,3,3,0.25,0.75,0.25,0.75,NA,NA,2,2,0,0,0,0,0,0,0,1,0,0,0,0,36
66095082185479f7db42d782,6,3,3,1,0,1,0,NA,NA,1,1,0,0,0,0,0,0,0,0,0,0,0,0,37
66095082185479f7db42d782,6,3,1,1,0,0.5,0.5,NA,NA,1,2,0,0,0,0,0,0,0,0,0,1,0,1,38
66095082185479f7db42d782,6,3,2,0,1,0,1,NA,NA,2,2,0,0,0,0,0,0,0,0,0,0,0,0,39
66095082185479f7db42d782,6,3,3,1,0,1,0,NA,NA,1,1,0,0,0,0,0,0,0,0,0,0,0,0,40
66095082185479f7db42d782,6,3,3,1,0,1,0,NA,NA,1,1,0,0,0,0,0,0,0,0,0,0,0,0,41
66095082185479f7db42d782,6,2,2,0.75,0.25,0.5,0.5,NA,NA,1,1,0,0,0,0,0,0,0,0,0,0,0,0,42
66095082185479f7db42d782,6,3,2,0.25,0.75,0.5,0.5,NA,NA,2,1,0,0,0,0,0,0,0,0,0,0,0,0,43
66095082185479f7db42d782,6,3,3,1,0,0.75,0.25,NA,option1A_tr.bmp,1,1,0,0,1,0,0,0,0,1,0,1,0,0,44
66095082185479f7db42d782,6,2,2,0.25,0.75,0.25,0.75,NA,NA,2,2,0,1,0,0,0,0,0,0,0,1,0,0,45
66095082185479f7db42d782,6,2,2,0.25,0.75,0.25,0.75,NA,NA,2,2,0,0,0,0,0,0,0,0,0,0,0,0,46
66095082185479f7db42d782,6,2,3,0.75,0.25,1,0,NA,NA,1,1,0,1,0,0,0,0,0,0,0,0,0,0,47
66095082185479f7db42d782,6,3,3,1,0,1,0,NA,NA,1,1,0,0,0,0,0,0,0,0,0,1,0,0,48
66095082185479f7db42d782,6,1,2,0.25,0.75,0.25,0.75,option1B_tr.bmp,NA,2,2,1,0,0,0,0,0,0,0,0,0,0,0,49
66095082185479f7db42d782,6,3,3,0.75,0.25,0.75,0.25,NA,NA,1,1,0,0,0,0,0,0,0,0,0,0,0,0,50
66095082185479f7db42d782,6,2,2,0.75,0.25,0.75,0.25,NA,NA,1,1,0,0,0,0,0,0,0,1,0,0,0,0,51
66095082185479f7db42d782,6,3,3,0.5,0.5,0.5,0.5,NA,NA,1,1,0,0,0,0,0,0,0,0,0,0,0,0,52
66095082185479f7db42d782,6,2,3,0.25,0.75,1,0,NA,NA,2,1,0,0,0,0,0,0,0,0,0,0,0,0,53
66095082185479f7db42d782,6,2,2,0.25,0.75,0.5,0.5,NA,option1A_tr.bmp,2,1,0,0,1,0,0,0,0,1,0,0,0,0,54
66095082185479f7db42d782,6,3,3,0.25,0.75,0,1,NA,NA,1,1,0,0,0,0,0,0,0,0,0,0,0,1,55
66095082185479f7db42d782,6,3,3,0.75,0.25,1,0,NA,NA,1,1,0,0,0,0,0,0,0,0,0,0,0,0,56
66095082185479f7db42d782,6,2,2,0.5,0.5,0.5,0.5,NA,NA,2,2,0,0,0,0,0,0,0,0,0,0,0,0,57
66095082185479f7db42d782,6,2,2,0.75,0.25,0.75,0.25,NA,NA,2,2,0,0,0,0,0,0,0,0,0,1,0,1,58
66095082185479f7db42d782,6,2,2,0.5,0.5,0.75,0.25,NA,NA,1,1,0,0,0,0,0,0,0,0,0,1,0,0,59
66095082185479f7db42d782,6,2,2,0.75,0.25,0.75,0.25,NA,NA,1,1,0,0,0,0,0,0,0,0,0,0,0,0,60
610d4df86c4abc6b5ced6fa0,7,3,1,0.5,0.5,0.25,0.75,NA,NA,2,1,0,0,0,0,0,0,0,0,0,0,0,0,1
610d4df86c4abc6b5ced6fa0,7,3,2,0.5,0.5,0.5,0.5,NA,NA,2,2,0,0,0,0,0,0,0,1,0,0,0,0,2
610d4df86c4abc6b5ced6fa0,7,2,3,0.75,0.25,0.75,0.25,NA,NA,1,1,0,0,0,0,0,0,0,0,0,0,0,0,3
610d4df86c4abc6b5ced6fa0,7,3,3,0.5,0.5,1,0,NA,NA,1,1,0,0,0,0,0,0,0,1,1,0,0,0,4
610d4df86c4abc6b5ced6fa0,7,3,2,0.25,0.75,1,0,NA,NA,1,2,0,0,0,0,0,0,0,0,0,0,0,0,5
610d4df86c4abc6b5ced6fa0,7,3,3,0.25,0.75,0.5,0.5,NA,NA,2,1,0,0,0,0,0,0,0,0,0,0,0,0,6
610d4df86c4abc6b5ced6fa0,7,2,3,1,0,1,0,NA,NA,1,1,0,0,0,0,0,0,0,0,0,0,0,0,7
610d4df86c4abc6b5ced6fa0,7,2,1,1,0,0,1,NA,option1B_tr.bmp,1,2,0,1,1,1,0,0,0,0,0,0,0,0,8
610d4df86c4abc6b5ced6fa0,7,3,2,0.25,0.75,0.75,0.25,NA,NA,1,2,0,0,0,0,0,0,0,0,0,0,0,0,9
610d4df86c4abc6b5ced6fa0,7,3,3,0.75,0.25,1,0,NA,NA,1,1,0,0,0,0,0,0,0,0,0,0,0,0,10
610d4df86c4abc6b5ced6fa0,7,3,3,0.5,0.5,0.5,0.5,NA,NA,1,1,0,0,0,0,0,0,0,0,0,0,0,0,11
610d4df86c4abc6b5ced6fa0,7,3,3,1,0,1,0,NA,NA,1,1,0,0,0,0,0,0,0,0,0,0,0,0,12
610d4df86c4abc6b5ced6fa0,7,3,2,0.5,0.5,0.5,0.5,NA,NA,1,1,0,0,0,0,0,0,0,0,0,0,1,0,13
610d4df86c4abc6b5ced6fa0,7,3,2,0.75,0.25,0,1,NA,option1B_tr.bmp,1,2,0,0,1,1,0,0,0,0,0,0,0,0,14
610d4df86c4abc6b5ced6fa0,7,1,3,0.25,0.75,0.5,0.5,option1B_tr.bmp,NA,2,1,1,1,0,0,0,0,0,0,0,1,0,0,15
610d4df86c4abc6b5ced6fa0,7,3,2,0.25,0.75,0.5,0.5,NA,NA,1,2,0,0,0,0,0,0,0,1,0,0,0,0,16
610d4df86c4abc6b5ced6fa0,7,1,1,0.5,0.5,0.5,0.5,NA,NA,2,2,0,0,0,0,0,0,0,0,0,0,0,0,17
610d4df86c4abc6b5ced6fa0,7,2,2,0.25,0.75,1,0,NA,NA,1,2,0,0,0,0,0,0,0,0,0,0,0,0,18
610d4df86c4abc6b5ced6fa0,7,3,3,0.75,0.25,1,0,NA,NA,1,1,0,0,0,0,0,0,0,0,0,0,0,0,19
610d4df86c4abc6b5ced6fa0,7,3,3,0.5,0.5,0,1,NA,NA,1,1,0,0,0,0,0,0,0,0,0,0,0,0,20
610d4df86c4abc6b5ced6fa0,7,2,1,0,1,0.25,0.75,NA,NA,1,1,0,0,0,0,0,0,1,0,0,0,0,0,21
610d4df86c4abc6b5ced6fa0,7,3,3,0.5,0.5,0.5,0.5,NA,option1A_tr.bmp,2,1,0,0,1,0,0,0,0,0,0,0,1,0,22
610d4df86c4abc6b5ced6fa0,7,1,3,0.75,0.25,0.75,0.25,NA,NA,2,2,0,0,0,0,0,0,0,0,0,0,0,0,23
610d4df86c4abc6b5ced6fa0,7,3,3,0.75,0.25,1,0,NA,NA,2,2,0,0,0,0,0,0,0,0,0,0,0,0,24
610d4df86c4abc6b5ced6fa0,7,2,1,0.75,0.25,1,0,NA,NA,2,2,0,0,0,1,0,0,0,0,0,0,0,0,25
610d4df86c4abc6b5ced6fa0,7,2,3,0.75,0.25,1,0,NA,NA,2,2,0,0,0,0,0,0,0,0,0,0,0,0,26
610d4df86c4abc6b5ced6fa0,7,1,1,0.5,0.5,0.25,0.75,NA,NA,1,2,0,0,0,0,0,0,0,0,0,0,0,0,27
610d4df86c4abc6b5ced6fa0,7,2,2,0.5,0.5,0.5,0.5,NA,NA,1,2,0,0,0,1,0,0,0,0,0,0,0,0,28
610d4df86c4abc6b5ced6fa0,7,3,2,0.25,0.75,0.75,0.25,NA,NA,1,2,0,0,0,0,0,0,0,0,0,0,0,0,29
610d4df86c4abc6b5ced6fa0,7,2,2,0.25,0.75,0.75,0.25,NA,NA,1,2,0,0,0,0,0,0,0,0,0,0,0,0,30
610d4df86c4abc6b5ced6fa0,7,3,3,0.75,0.25,0.75,0.25,NA,NA,1,1,0,0,0,0,0,0,0,0,0,0,0,0,31
610d4df86c4abc6b5ced6fa0,7,3,3,1,0,1,0,NA,NA,2,2,0,0,0,0,0,0,0,1,0,0,0,0,32
610d4df86c4abc6b5ced6fa0,7,3,2,0,1,1,0,NA,NA,1,2,0,0,0,0,0,0,0,0,0,0,0,0,33
610d4df86c4abc6b5ced6fa0,7,3,3,0.25,0.75,0.25,0.75,NA,NA,2,2,0,0,0,0,0,0,0,0,0,0,0,0,34
610d4df86c4abc6b5ced6fa0,7,2,3,0,1,1,0,NA,NA,2,1,0,0,0,0,0,0,0,0,0,0,0,0,35
610d4df86c4abc6b5ced6fa0,7,3,3,1,0,0,1,NA,option1A_tr.bmp,2,1,0,0,1,1,0,0,0,0,0,0,0,0,36
610d4df86c4abc6b5ced6fa0,7,3,3,0.25,0.75,0.25,0.75,NA,NA,2,2,0,0,0,0,0,0,0,0,0,0,0,0,37
610d4df86c4abc6b5ced6fa0,7,3,3,0.5,0.5,0.75,0.25,NA,NA,1,1,0,0,0,0,0,0,0,0,0,0,0,0,38
610d4df86c4abc6b5ced6fa0,7,3,3,0.5,0.5,0.5,0.5,option1A_tr.bmp,option1B_tr.bmp,1,2,1,1,1,0,0,0,0,0,0,0,0,0,39
610d4df86c4abc6b5ced6fa0,7,3,2,0.25,0.75,0.75,0.25,NA,NA,2,1,0,0,0,0,0,0,0,0,0,0,0,0,40
610d4df86c4abc6b5ced6fa0,7,3,3,0.5,0.5,1,0,NA,NA,1,1,0,0,0,0,0,0,0,0,0,0,0,0,41
610d4df86c4abc6b5ced6fa0,7,3,3,0.75,0.25,0.75,0.25,NA,NA,2,2,0,0,0,0,0,0,0,0,0,0,0,0,42
610d4df86c4abc6b5ced6fa0,7,3,3,0,1,1,0,NA,NA,2,1,0,0,0,0,0,0,0,0,0,0,0,1,43
610d4df86c4abc6b5ced6fa0,7,2,3,0.75,0.25,1,0,NA,NA,1,1,0,0,0,0,0,0,0,1,0,0,0,0,44
610d4df86c4abc6b5ced6fa0,7,3,3,0.5,0.5,0.5,0.5,NA,NA,1,1,0,0,0,0,0,0,0,0,0,0,0,0,45
610d4df86c4abc6b5ced6fa0,7,3,2,0.5,0.5,0.75,0.25,NA,NA,2,2,0,0,0,0,0,0,0,0,0,0,0,0,46
610d4df86c4abc6b5ced6fa0,7,3,3,0.75,0.25,0.75,0.25,NA,NA,1,1,0,0,0,0,0,0,0,0,0,0,0,0,47
610d4df86c4abc6b5ced6fa0,7,3,3,0.75,0.25,0.75,0.25,NA,NA,1,1,0,0,0,0,0,0,0,0,0,0,0,0,48
610d4df86c4abc6b5ced6fa0,7,3,2,0.5,0.5,0.5,0.5,NA,NA,2,1,0,0,0,0,0,0,0,0,0,0,0,0,49
610d4df86c4abc6b5ced6fa0,7,3,3,0,1,1,0,NA,NA,2,1,0,0,0,0,0,0,0,0,0,0,0,0,50
610d4df86c4abc6b5ced6fa0,7,2,2,0.5,0.5,0.25,0.75,NA,NA,2,1,0,0,0,0,0,0,0,1,0,0,0,0,51
610d4df86c4abc6b5ced6fa0,7,3,3,0.5,0.5,0.75,0.25,NA,NA,2,2,0,0,0,0,0,0,0,0,0,0,0,0,52
610d4df86c4abc6b5ced6fa0,7,3,3,0.75,0.25,1,0,NA,NA,1,1,0,0,0,0,0,0,0,0,0,0,0,1,53
610d4df86c4abc6b5ced6fa0,7,3,3,0.25,0.75,0,1,NA,NA,1,1,0,0,0,0,0,0,0,0,0,0,0,0,54
610d4df86c4abc6b5ced6fa0,7,3,3,0.25,0.75,0.5,0.5,NA,NA,1,1,0,0,0,0,0,0,0,1,0,0,0,0,55
610d4df86c4abc6b5ced6fa0,7,2,2,0.25,0.75,0.75,0.25,NA,NA,1,2,0,0,0,0,0,0,0,0,0,0,0,0,56
610d4df86c4abc6b5ced6fa0,7,2,2,0.25,0.75,0.75,0.25,NA,NA,1,2,0,0,0,0,0,0,0,1,0,0,0,0,57
610d4df86c4abc6b5ced6fa0,7,2,1,0.5,0.5,0.5,0.5,NA,NA,2,2,0,0,0,0,0,0,0,0,0,0,0,0,58
610d4df86c4abc6b5ced6fa0,7,2,1,0.5,0.5,0.25,0.75,NA,NA,2,1,0,0,0,0,0,0,0,0,0,0,1,0,59
610d4df86c4abc6b5ced6fa0,7,2,3,1,0,1,0,NA,NA,2,2,0,0,0,0,0,0,0,0,0,0,0,0,60
5e3024d69366c7000c4025ff,8,3,3,0.25,0.75,0.5,0.5,NA,NA,1,2,0,0,0,0,0,0,0,0,0,0,0,0,1
5e3024d69366c7000c4025ff,8,1,2,0.5,0.5,0.5,0.5,NA,NA,2,2,0,0,0,0,0,0,0,1,0,0,0,0,2
5e3024d69366c7000c4025ff,8,3,3,0.75,0.25,0.75,0.25,NA,NA,1,1,0,0,0,0,0,0,0,0,0,0,0,0,3
5e3024d69366c7000c4025ff,8,2,3,0.25,0.75,1,0,NA,option1A_tr.bmp,2,1,0,0,1,0,0,0,0,1,0,0,0,0,4
5e3024d69366c7000c4025ff,8,2,3,0.25,0.75,1,0,NA,NA,1,2,0,0,0,0,0,0,0,0,0,0,0,0,5
5e3024d69366c7000c4025ff,8,3,3,0.25,0.75,0.25,0.75,NA,NA,2,2,0,0,0,0,0,0,0,0,0,0,0,0,6
5e3024d69366c7000c4025ff,8,3,3,1,0,1,0,NA,NA,1,1,0,0,0,0,0,0,0,0,0,0,0,0,7
5e3024d69366c7000c4025ff,8,3,3,1,0,0.75,0.25,NA,NA,1,1,0,0,0,0,0,0,0,0,0,1,0,0,8
5e3024d69366c7000c4025ff,8,2,3,0.5,0.5,0.75,0.25,NA,NA,2,2,0,1,0,0,0,0,0,0,0,0,0,0,9
5e3024d69366c7000c4025ff,8,2,3,0,1,1,0,NA,NA,2,1,0,0,0,0,0,0,0,0,0,0,0,0,10
5e3024d69366c7000c4025ff,8,2,3,0.25,0.75,0.25,0.75,NA,NA,2,2,0,0,0,0,0,0,0,0,0,0,0,0,11
5e3024d69366c7000c4025ff,8,3,3,1,0,1,0,NA,NA,1,1,0,0,0,0,0,0,0,0,0,0,0,0,12
5e3024d69366c7000c4025ff,8,3,3,0.5,0.5,0.25,0.75,NA,NA,1,2,0,0,0,0,0,0,0,0,0,0,1,0,13
5e3024d69366c7000c4025ff,8,2,3,0,1,0.75,0.25,NA,NA,2,1,0,0,0,0,0,0,0,0,0,1,0,0,14
5e3024d69366c7000c4025ff,8,3,3,0.5,0.5,0.5,0.5,NA,NA,1,1,0,0,0,0,0,1,0,0,1,0,0,0,15
5e3024d69366c7000c4025ff,8,1,2,0.5,0.5,0.5,0.5,NA,NA,2,2,0,0,0,0,0,0,0,1,0,0,0,0,16
5e3024d69366c7000c4025ff,8,3,2,0.5,0.5,0.5,0.5,NA,NA,2,2,0,0,0,0,0,0,0,0,0,0,0,0,17
5e3024d69366c7000c4025ff,8,2,3,0.25,0.75,1,0,NA,NA,1,2,0,0,0,0,0,0,0,0,0,0,0,0,18
5e3024d69366c7000c4025ff,8,2,3,0,1,1,0,NA,NA,2,1,0,0,0,0,0,0,0,0,0,0,0,0,19
5e3024d69366c7000c4025ff,8,3,3,0.25,0.75,0.75,0.25,NA,NA,2,2,0,0,0,0,0,0,0,0,0,0,0,0,20
5e3024d69366c7000c4025ff,8,2,3,0.75,0.25,0.25,0.75,NA,NA,2,1,0,0,0,0,0,0,1,0,0,0,0,0,21
5e3024d69366c7000c4025ff,8,3,3,0.25,0.75,0.25,0.75,NA,NA,1,2,0,0,0,0,0,0,0,0,0,1,1,0,22
5e3024d69366c7000c4025ff,8,3,3,0.75,0.25,0.75,0.25,NA,NA,2,2,0,0,0,0,0,0,0,0,0,0,0,0,23
5e3024d69366c7000c4025ff,8,2,3,0,1,1,0,NA,NA,1,2,0,0,0,0,0,0,0,0,0,0,0,0,24
5e3024d69366c7000c4025ff,8,2,3,0,1,1,0,NA,NA,1,2,0,0,0,0,0,0,0,0,0,0,0,0,25
5e3024d69366c7000c4025ff,8,3,3,0.75,0.25,1,0,NA,NA,2,2,0,0,0,0,0,0,0,0,0,0,0,0,26
5e3024d69366c7000c4025ff,8,1,3,0.25,0.75,0.5,0.5,NA,NA,2,1,0,0,0,0,0,0,0,0,0,0,0,0,27
5e3024d69366c7000c4025ff,8,3,3,0.5,0.5,0.25,0.75,NA,NA,1,1,0,0,0,0,0,0,0,0,0,0,0,0,28
5e3024d69366c7000c4025ff,8,3,3,0.5,0.5,0.75,0.25,NA,NA,2,2,0,0,0,0,0,0,0,0,0,0,0,0,29
5e3024d69366c7000c4025ff,8,3,3,0.5,0.5,0,1,NA,NA,2,1,0,0,0,0,0,0,0,0,0,0,0,0,30
5e3024d69366c7000c4025ff,8,3,3,0.75,0.25,0.75,0.25,NA,NA,1,1,0,0,0,0,0,0,0,0,0,0,0,0,31
5e3024d69366c7000c4025ff,8,3,3,1,0,1,0,NA,NA,2,2,0,0,0,0,0,0,0,1,0,0,0,0,32
5e3024d69366c7000c4025ff,8,3,3,0.75,0.25,1,0,NA,NA,2,2,0,0,0,0,0,0,0,0,0,0,0,0,33
5e3024d69366c7000c4025ff,8,2,2,0.5,0.5,0.5,0.5,NA,NA,1,1,0,0,0,0,0,0,0,0,0,0,0,0,34
5e3024d69366c7000c4025ff,8,3,3,0.75,0.25,1,0,NA,NA,1,1,0,0,0,0,0,0,0,0,0,0,0,0,35
5e3024d69366c7000c4025ff,8,3,3,1,0,0.75,0.25,NA,NA,2,2,0,0,0,0,0,0,0,0,0,1,0,0,36
5e3024d69366c7000c4025ff,8,3,3,0.5,0.5,0.25,0.75,NA,NA,1,2,0,0,0,0,0,0,0,0,0,0,0,0,37
5e3024d69366c7000c4025ff,8,3,2,0.25,0.75,0.75,0.25,NA,NA,2,1,0,0,0,0,0,0,0,0,0,0,0,0,38
5e3024d69366c7000c4025ff,8,2,3,0.5,0.5,0.25,0.75,NA,NA,1,1,0,0,0,0,0,1,0,0,0,1,0,0,39
5e3024d69366c7000c4025ff,8,2,3,0.25,0.75,0,1,NA,NA,2,2,0,0,0,0,0,0,0,0,0,0,0,0,40
5e3024d69366c7000c4025ff,8,3,3,0.25,0.75,1,0,NA,NA,2,1,0,0,0,0,0,0,0,0,0,0,0,0,41
5e3024d69366c7000c4025ff,8,3,3,0.75,0.25,0.75,0.25,NA,NA,2,2,0,0,0,0,0,0,0,0,0,0,0,0,42
5e3024d69366c7000c4025ff,8,2,3,0.75,0.25,1,0,NA,NA,1,1,0,0,0,0,0,0,0,0,0,0,0,1,43
5e3024d69366c7000c4025ff,8,2,3,0,1,1,0,NA,NA,2,1,0,0,0,0,0,0,0,1,0,0,0,0,44
5e3024d69366c7000c4025ff,8,2,3,0.25,0.75,0.25,0.75,NA,NA,2,2,0,0,0,0,0,0,0,0,0,0,0,0,45
5e3024d69366c7000c4025ff,8,2,2,0.25,0.75,0.75,0.25,NA,NA,1,2,0,0,0,0,0,0,0,0,0,0,0,0,46
5e3024d69366c7000c4025ff,8,3,2,0.75,0.25,0,1,NA,NA,1,2,0,0,0,0,0,0,0,0,0,0,0,0,47
5e3024d69366c7000c4025ff,8,2,3,0.75,0.25,0.75,0.25,NA,NA,1,1,0,0,0,0,0,0,0,0,0,0,0,0,48
5e3024d69366c7000c4025ff,8,2,3,0.5,0.5,0.25,0.75,NA,NA,2,2,0,0,0,0,0,0,0,0,0,0,0,0,49
5e3024d69366c7000c4025ff,8,3,3,0.75,0.25,1,0,NA,NA,1,1,0,0,0,0,0,0,0,0,0,0,0,0,50
5e3024d69366c7000c4025ff,8,3,3,0.5,0.5,0.5,0.5,NA,NA,2,2,0,0,0,0,0,0,0,1,0,0,0,0,51
5e3024d69366c7000c4025ff,8,2,3,0.25,0.75,0.75,0.25,NA,NA,1,2,0,0,0,0,0,0,0,0,0,0,0,0,52
5e3024d69366c7000c4025ff,8,2,3,0.75,0.25,1,0,NA,NA,1,1,0,0,0,0,0,0,0,0,0,0,0,1,53
5e3024d69366c7000c4025ff,8,2,3,0.25,0.75,0.75,0.25,NA,NA,1,2,0,0,0,0,0,0,0,0,0,0,0,0,54
5e3024d69366c7000c4025ff,8,3,2,0.5,0.5,0.5,0.5,NA,NA,2,1,0,0,0,0,0,0,0,1,0,0,0,0,55
5e3024d69366c7000c4025ff,8,1,1,0.5,0.5,0,1,NA,NA,2,1,0,0,0,0,0,0,0,0,0,0,0,0,56
5e3024d69366c7000c4025ff,8,3,3,0.25,0.75,0,1,NA,NA,1,1,0,0,0,0,0,0,0,1,0,0,0,0,57
5e3024d69366c7000c4025ff,8,3,3,0.5,0.5,0.5,0.5,NA,NA,2,2,0,0,0,0,0,0,0,0,0,0,0,0,58
5e3024d69366c7000c4025ff,8,3,3,0.25,0.75,0.5,0.5,NA,NA,1,2,0,0,0,0,0,0,0,0,0,0,1,0,59
5e3024d69366c7000c4025ff,8,3,3,1,0,1,0,NA,NA,2,2,0,0,0,0,0,0,0,0,0,0,0,0,60
66cdd069637121e241f7a40a,11,1,1,0.25,0.75,0.25,0.75,NA,NA,1,1,0,0,0,0,0,0,0,0,0,0,0,0,1
66cdd069637121e241f7a40a,11,1,1,0.5,0.5,0.5,0.5,option1B_tr.bmp,NA,2,2,1,0,0,0,0,0,0,0,0,0,0,0,2
66cdd069637121e241f7a40a,11,3,3,0.75,0.25,0.75,0.25,NA,NA,1,1,0,0,0,0,0,0,0,0,0,0,0,0,3
66cdd069637121e241f7a40a,11,3,2,0.25,0.75,1,0,option1B_tr.bmp,NA,2,1,1,1,0,0,0,0,0,0,1,0,0,0,4
66cdd069637121e241f7a40a,11,2,2,0.5,0.5,1,0,NA,NA,2,2,0,0,0,0,0,0,0,0,0,0,0,0,5
66cdd069637121e241f7a40a,11,2,1,0.5,0.5,0.25,0.75,NA,NA,1,2,0,0,0,0,0,0,0,0,0,0,0,0,6
66cdd069637121e241f7a40a,11,3,3,1,0,1,0,NA,NA,1,1,0,0,0,0,0,0,0,0,0,0,0,0,7
66cdd069637121e241f7a40a,11,2,2,1,0,0.75,0.25,NA,NA,1,1,0,0,0,0,0,0,0,0,0,0,1,0,8
66cdd069637121e241f7a40a,11,2,2,0.5,0.5,0.75,0.25,NA,NA,2,2,0,0,0,0,0,0,0,0,0,0,0,0,9
66cdd069637121e241f7a40a,11,2,2,0.75,0.25,1,0,NA,NA,1,1,0,0,0,0,0,0,0,0,0,0,0,0,10
66cdd069637121e241f7a40a,11,1,1,0.25,0.75,0.25,0.75,NA,NA,2,2,0,0,0,0,0,0,0,0,0,0,0,0,11
66cdd069637121e241f7a40a,11,3,3,1,0,1,0,NA,NA,1,1,0,0,0,0,0,0,0,0,0,0,0,0,12
66cdd069637121e241f7a40a,11,2,2,0.25,0.75,0.25,0.75,NA,NA,2,2,0,0,0,0,0,0,0,0,0,0,0,1,13
66cdd069637121e241f7a40a,11,3,3,0.75,0.25,0.75,0.25,NA,NA,1,1,0,0,0,0,0,0,0,0,0,0,1,0,14
66cdd069637121e241f7a40a,11,2,2,0.25,0.75,0.25,0.75,NA,NA,2,2,0,0,0,0,0,0,1,0,0,1,0,0,15
66cdd069637121e241f7a40a,11,1,2,0.5,0.5,0.5,0.5,option1B_tr.bmp,NA,2,2,1,1,0,0,0,0,0,0,0,0,0,0,16
66cdd069637121e241f7a40a,11,3,3,0.5,0.5,0.5,0.5,NA,NA,2,2,0,0,0,0,0,0,0,0,0,0,0,0,17
66cdd069637121e241f7a40a,11,3,3,0.5,0.5,1,0,NA,NA,2,2,0,0,0,0,0,0,0,0,0,0,0,0,18
66cdd069637121e241f7a40a,11,2,2,0.75,0.25,1,0,NA,NA,1,1,0,0,0,0,0,0,0,0,0,0,0,0,19
66cdd069637121e241f7a40a,11,1,2,0.5,0.5,0.75,0.25,NA,NA,1,2,0,0,0,0,0,0,0,0,0,0,0,0,20
66cdd069637121e241f7a40a,11,2,2,0.75,0.25,0.5,0.5,NA,NA,2,2,0,0,0,0,0,0,0,1,0,0,0,0,21
66cdd069637121e241f7a40a,11,2,2,0.25,0.75,0.5,0.5,NA,NA,1,1,0,0,0,0,0,0,0,0,0,0,1,1,22
66cdd069637121e241f7a40a,11,2,2,0,1,0,1,NA,NA,1,1,0,0,0,0,0,0,0,0,0,0,0,0,23
66cdd069637121e241f7a40a,11,2,3,0.75,0.25,1,0,NA,NA,2,2,0,0,0,0,0,0,0,0,0,0,0,0,24
66cdd069637121e241f7a40a,11,2,2,0.75,0.25,1,0,NA,NA,2,2,0,0,0,0,0,0,0,0,0,0,0,0,25
66cdd069637121e241f7a40a,11,2,2,0,1,1,0,NA,NA,1,2,0,0,0,0,0,0,0,0,0,0,0,0,26
66cdd069637121e241f7a40a,11,2,2,0.5,0.5,0.5,0.5,NA,NA,1,1,0,0,0,0,0,0,0,0,0,0,0,0,27
66cdd069637121e241f7a40a,11,2,2,0.5,0.5,0.25,0.75,NA,NA,1,1,0,0,0,0,0,0,0,0,0,0,0,0,28
66cdd069637121e241f7a40a,11,2,2,0.25,0.75,0,1,NA,NA,1,1,0,0,0,0,0,0,0,0,0,0,0,0,29
66cdd069637121e241f7a40a,11,1,1,0.25,0.75,0.75,0.25,NA,NA,1,2,0,0,0,0,0,0,0,0,0,0,0,0,30
66cdd069637121e241f7a40a,11,3,3,0.75,0.25,0.75,0.25,NA,NA,1,1,0,0,0,0,0,0,0,0,0,0,0,0,31
66cdd069637121e241f7a40a,11,2,3,1,0,1,0,option1B_tr.bmp,NA,2,2,1,1,0,0,0,0,0,0,0,0,0,0,32
66cdd069637121e241f7a40a,11,2,2,0.75,0.25,1,0,NA,NA,2,2,0,0,0,0,0,0,0,0,0,0,0,0,33
66cdd069637121e241f7a40a,11,2,1,0.5,0.5,0.5,0.5,NA,NA,1,1,0,0,0,0,0,0,0,0,0,0,0,0,34
66cdd069637121e241f7a40a,11,3,3,0.75,0.25,1,0,NA,NA,1,1,0,0,0,0,0,0,0,0,0,0,0,0,35
66cdd069637121e241f7a40a,11,3,2,1,0,0.75,0.25,NA,NA,2,2,0,0,0,0,0,0,0,0,0,0,1,0,36
66cdd069637121e241f7a40a,11,2,2,0.5,0.5,0.5,0.5,NA,NA,1,1,0,0,0,0,0,0,0,0,0,0,0,0,37
66cdd069637121e241f7a40a,11,2,2,0.5,0.5,0.75,0.25,NA,NA,1,1,0,0,0,0,0,0,0,0,0,0,0,0,38
66cdd069637121e241f7a40a,11,2,1,0.25,0.75,0.5,0.5,NA,NA,2,2,0,0,0,0,0,0,1,0,0,0,1,0,39
66cdd069637121e241f7a40a,11,2,2,0.5,0.5,0.75,0.25,NA,NA,1,1,0,0,0,0,0,0,0,0,0,0,0,0,40
66cdd069637121e241f7a40a,11,2,2,0.25,0.75,1,0,NA,NA,2,1,0,0,0,0,0,0,0,0,0,0,0,0,41
66cdd069637121e241f7a40a,11,3,3,0.75,0.25,0.75,0.25,NA,NA,2,2,0,0,0,0,0,0,0,0,0,0,0,0,42
66cdd069637121e241f7a40a,11,2,2,0.75,0.25,1,0,NA,option1A_tr.bmp,1,1,0,0,1,0,0,0,0,0,0,0,0,0,43
66cdd069637121e241f7a40a,11,2,2,0.75,0.25,1,0,option1A_tr.bmp,NA,1,1,1,1,0,0,0,0,0,0,0,0,0,0,44
66cdd069637121e241f7a40a,11,2,2,0.5,0.5,0.5,0.5,NA,NA,1,1,0,0,0,0,0,0,0,0,0,0,0,0,45
66cdd069637121e241f7a40a,11,1,1,0.5,0.5,0.75,0.25,NA,NA,2,2,0,0,0,0,0,0,0,0,0,0,0,0,46
66cdd069637121e241f7a40a,11,1,1,0.75,0.25,0.75,0.25,NA,NA,1,1,0,0,0,0,0,0,0,0,0,0,0,0,47
66cdd069637121e241f7a40a,11,2,1,0,1,0,1,NA,NA,2,2,0,0,0,0,0,0,0,0,0,0,0,0,48
66cdd069637121e241f7a40a,11,2,2,0.25,0.75,0.5,0.5,NA,NA,1,1,0,0,0,0,0,0,0,0,0,0,0,0,49
66cdd069637121e241f7a40a,11,2,2,0.75,0.25,1,0,NA,NA,1,1,0,0,0,0,0,0,0,0,0,0,0,0,50
66cdd069637121e241f7a40a,11,1,1,0.25,0.75,0.5,0.5,option1A_tr.bmp,NA,1,2,1,1,0,0,0,0,0,0,0,0,0,0,51
66cdd069637121e241f7a40a,11,2,1,0.25,0.75,0,1,NA,NA,1,1,0,0,0,0,0,0,0,0,0,0,0,0,52
66cdd069637121e241f7a40a,11,2,1,0,1,1,0,NA,option1A_tr.bmp,2,1,0,0,1,1,0,0,0,0,0,0,0,0,53
66cdd069637121e241f7a40a,11,3,3,0.5,0.5,0.75,0.25,NA,NA,2,2,0,0,0,0,0,0,0,0,0,0,0,0,54
66cdd069637121e241f7a40a,11,2,2,0.5,0.5,0.5,0.5,option1B_tr.bmp,NA,2,1,1,1,0,0,0,0,0,0,0,0,0,0,55
66cdd069637121e241f7a40a,11,3,3,0.5,0.5,0.75,0.25,NA,NA,2,2,0,0,0,0,0,0,0,0,0,0,0,0,56
66cdd069637121e241f7a40a,11,2,2,0.5,0.5,0.75,0.25,option1B_tr.bmp,NA,2,2,1,0,0,0,0,0,0,0,0,0,0,0,57
66cdd069637121e241f7a40a,11,2,2,0.25,0.75,0.25,0.75,NA,NA,1,1,0,0,0,0,0,0,0,0,0,0,0,0,58
66cdd069637121e241f7a40a,11,3,3,0.5,0.5,0.5,0.5,NA,NA,2,2,0,0,0,0,0,0,0,0,0,0,0,1,59
66cdd069637121e241f7a40a,11,3,3,1,0,1,0,NA,NA,2,2,0,0,0,0,0,0,0,0,0,0,0,0,60
5aa696af6219a30001c75d2a,12,2,3,0.5,0.5,0.25,0.75,NA,option1A_tr.bmp,2,1,0,0,1,1,0,0,0,0,0,0,0,0,1
5aa696af6219a30001c75d2a,12,3,1,0,1,0,1,NA,option1B_tr.bmp,2,2,0,0,1,1,0,0,0,0,0,0,0,0,2
5aa696af6219a30001c75d2a,12,2,1,1,0,1,0,NA,option1A_tr.bmp,1,1,0,0,1,1,0,0,0,0,0,0,0,0,3
5aa696af6219a30001c75d2a,12,3,3,1,0,0,1,NA,option1B_tr.bmp,1,2,0,0,1,1,0,0,0,0,0,1,0,0,4
5aa696af6219a30001c75d2a,12,2,1,0.75,0.25,0,1,NA,option1B_tr.bmp,1,2,0,0,1,1,0,0,0,0,0,0,0,0,5
5aa696af6219a30001c75d2a,12,3,1,1,0,1,0,NA,NA,1,1,0,0,0,1,0,0,0,0,0,1,0,0,6
5aa696af6219a30001c75d2a,12,3,3,1,0,1,0,NA,NA,1,1,0,0,0,0,0,0,0,0,0,0,0,0,7
5aa696af6219a30001c75d2a,12,3,3,1,0,1,0,NA,NA,1,1,0,0,0,0,0,0,0,1,0,0,0,0,8
5aa696af6219a30001c75d2a,12,3,2,0.5,0.5,0.5,0.5,NA,NA,2,2,0,0,0,0,0,0,0,0,0,0,0,0,9
5aa696af6219a30001c75d2a,12,3,2,1,0,1,0,NA,NA,1,1,0,0,0,0,0,0,0,0,0,0,0,0,10
5aa696af6219a30001c75d2a,12,2,2,1,0,1,0,NA,NA,1,1,0,0,0,0,0,0,0,0,0,0,0,0,11
5aa696af6219a30001c75d2a,12,3,3,0.75,0.25,0.75,0.25,NA,NA,1,1,0,1,0,0,0,0,0,0,0,1,0,0,12
5aa696af6219a30001c75d2a,12,3,2,0.5,0.5,0.75,0.25,NA,NA,2,2,0,0,0,0,0,0,0,0,0,1,0,0,13
5aa696af6219a30001c75d2a,12,1,2,0,1,0,1,NA,NA,2,2,0,0,0,0,0,0,0,1,0,0,0,1,14
5aa696af6219a30001c75d2a,12,2,2,0,1,1,0,NA,NA,2,1,0,0,0,0,0,0,0,0,0,0,0,0,15
5aa696af6219a30001c75d2a,12,2,3,0,1,1,0,option1B_tr.bmp,NA,2,1,1,0,0,0,0,0,0,0,0,0,0,0,16
5aa696af6219a30001c75d2a,12,2,2,1,0,1,0,option1A_tr.bmp,NA,1,1,1,0,0,0,0,0,0,1,0,0,0,0,17
5aa696af6219a30001c75d2a,12,3,1,0.75,0.25,0.75,0.25,NA,option1B_tr.bmp,2,2,0,0,1,1,0,0,0,0,0,0,0,0,18
5aa696af6219a30001c75d2a,12,3,3,0.75,0.25,0.75,0.25,NA,NA,1,1,0,0,0,0,0,0,0,0,0,0,0,0,19
5aa696af6219a30001c75d2a,12,2,2,0.25,0.75,0.25,0.75,NA,NA,2,2,0,0,0,0,0,0,0,0,0,0,0,0,20
5aa696af6219a30001c75d2a,12,2,2,1,0,1,0,NA,NA,2,2,0,0,0,0,0,0,0,0,0,0,0,0,21
5aa696af6219a30001c75d2a,12,2,1,0.75,0.25,1,0,NA,NA,2,2,0,0,0,0,0,0,0,0,0,0,0,0,22
5aa696af6219a30001c75d2a,12,3,2,0.5,0.5,0.5,0.5,NA,NA,1,2,0,0,0,0,0,0,0,0,0,0,0,0,23
5aa696af6219a30001c75d2a,12,2,1,0.25,0.75,0.25,0.75,NA,NA,1,1,0,0,0,0,0,0,0,1,0,0,0,1,24
5aa696af6219a30001c75d2a,12,2,2,0.25,0.75,0.25,0.75,NA,NA,1,1,0,0,0,0,0,0,0,0,0,0,0,0,25
5aa696af6219a30001c75d2a,12,1,2,0.25,0.75,0.75,0.25,NA,NA,1,2,0,0,0,0,0,0,0,0,0,0,0,0,26
5aa696af6219a30001c75d2a,12,3,1,0.25,0.75,0.5,0.5,NA,NA,2,1,0,0,0,0,0,1,0,0,0,1,1,0,27
5aa696af6219a30001c75d2a,12,3,2,0.5,0.5,0.75,0.25,NA,NA,2,2,0,0,0,0,0,0,0,0,0,0,0,0,28
5aa696af6219a30001c75d2a,12,3,3,0.75,0.25,1,0,NA,NA,2,2,0,0,0,0,0,0,0,0,0,0,0,0,29
5aa696af6219a30001c75d2a,12,3,3,0.75,0.25,0,1,NA,option1A_tr.bmp,2,1,0,0,1,0,0,0,0,0,0,0,0,0,30
5aa696af6219a30001c75d2a,12,3,3,0.5,0.5,0.5,0.5,NA,NA,2,2,0,0,0,0,0,0,0,0,0,0,0,0,31
5aa696af6219a30001c75d2a,12,3,3,1,0,1,0,NA,NA,2,2,0,0,0,0,0,0,0,0,0,0,0,0,32
5aa696af6219a30001c75d2a,12,3,3,0.5,0.5,0.75,0.25,NA,NA,2,2,0,0,0,0,0,0,0,0,0,0,0,0,33
5aa696af6219a30001c75d2a,12,1,1,0.25,0.75,0,1,NA,NA,1,1,0,0,0,0,0,0,0,0,0,0,0,1,34
5aa696af6219a30001c75d2a,12,1,2,1,0,1,0,NA,NA,1,1,0,0,0,0,0,0,0,0,0,0,0,0,35
5aa696af6219a30001c75d2a,12,2,2,0.5,0.5,0.5,0.5,option1A_tr.bmp,NA,1,1,1,0,0,0,0,0,0,0,0,0,0,0,36
5aa696af6219a30001c75d2a,12,2,2,1,0,1,0,NA,NA,1,1,0,0,0,0,0,0,0,0,0,0,0,0,37
5aa696af6219a30001c75d2a,12,2,2,1,0,0.5,0.5,NA,option1B_tr.bmp,1,2,0,0,1,0,0,0,0,0,0,1,0,0,38
5aa696af6219a30001c75d2a,12,3,2,0.75,0.25,0.75,0.25,NA,NA,1,1,0,1,0,0,0,0,0,0,0,0,0,0,39
5aa696af6219a30001c75d2a,12,2,2,1,0,1,0,NA,NA,1,1,0,0,0,0,0,0,0,0,0,0,0,0,40
5aa696af6219a30001c75d2a,12,2,2,1,0,1,0,NA,NA,1,1,0,1,0,0,0,0,0,0,0,0,0,0,41
5aa696af6219a30001c75d2a,12,1,2,0.75,0.25,0.25,0.75,NA,NA,1,2,0,0,0,0,0,0,0,0,0,0,0,0,42
5aa696af6219a30001c75d2a,12,2,2,0.5,0.5,0.25,0.75,NA,NA,1,2,0,0,0,0,0,0,0,0,0,0,0,0,43
5aa696af6219a30001c75d2a,12,2,2,1,0,0.75,0.25,option1A_tr.bmp,NA,1,1,1,0,0,0,0,0,0,0,0,1,0,1,44
5aa696af6219a30001c75d2a,12,1,3,0.25,0.75,0.5,0.5,NA,NA,2,1,0,0,0,0,0,0,0,0,0,1,0,0,45
5aa696af6219a30001c75d2a,12,3,3,0.5,0.5,0.5,0.5,NA,NA,1,1,0,1,0,0,0,0,0,0,0,0,0,0,46
5aa696af6219a30001c75d2a,12,1,2,0,1,1,0,NA,NA,2,1,0,0,0,0,0,0,0,0,0,0,0,0,47
5aa696af6219a30001c75d2a,12,1,2,1,0,1,0,NA,NA,1,1,0,1,0,0,0,0,0,0,0,1,0,0,48
5aa696af6219a30001c75d2a,12,3,3,0.25,0.75,0.25,0.75,NA,NA,2,2,0,0,0,0,0,0,0,1,0,0,0,0,49
5aa696af6219a30001c75d2a,12,2,2,0,1,0,1,NA,NA,2,2,0,0,0,0,0,0,0,0,0,0,0,0,50
5aa696af6219a30001c75d2a,12,2,1,0.75,0.25,0.75,0.25,option1A_tr.bmp,NA,1,1,1,0,0,0,0,0,0,0,0,0,0,0,51
5aa696af6219a30001c75d2a,12,2,3,0.5,0.5,0.25,0.75,NA,NA,1,2,0,0,0,0,0,0,0,0,0,0,0,0,52
5aa696af6219a30001c75d2a,12,2,1,0.25,0.75,1,0,NA,NA,2,1,0,0,0,0,0,0,0,0,0,0,0,0,53
5aa696af6219a30001c75d2a,12,1,2,0.5,0.5,0.25,0.75,option1A_tr.bmp,NA,1,2,1,0,0,0,0,0,0,0,0,0,0,1,54
5aa696af6219a30001c75d2a,12,1,2,0.5,0.5,0.75,0.25,NA,option1B_tr.bmp,2,2,0,1,1,0,0,0,0,0,0,0,0,0,55
5aa696af6219a30001c75d2a,12,2,1,0,1,1,0,NA,NA,2,1,0,0,0,0,0,0,0,0,0,0,0,0,56
5aa696af6219a30001c75d2a,12,3,3,0.5,0.5,0.5,0.5,NA,NA,2,2,0,0,0,0,0,0,0,0,0,0,0,0,57
5aa696af6219a30001c75d2a,12,2,2,0.75,0.25,0,1,NA,option1A_tr.bmp,2,1,0,0,1,0,0,0,0,0,0,1,0,0,58
5aa696af6219a30001c75d2a,12,2,2,0.25,0.75,0,1,NA,NA,2,2,0,0,0,0,0,0,0,0,0,1,0,0,59
5aa696af6219a30001c75d2a,12,3,3,0,1,0,1,NA,NA,2,2,0,0,0,0,0,0,0,0,0,0,0,0,60