participant.label,participant.id_in_session,player.bet1,player.bet2,player.chosen_image_one_binary,player.chosen_image_two_binary,player.choice1_with,player.choice1_against,player.choice2_with,player.choice2_against,player.choice1_accuracy,player.choice2_accuracy,player.computer_choice_one,player.computer_bet_one,player.computer_choice_two,player.computer_bet_two,player.player1_choice1_computer,player.player2_choice1_computer,player.player3_choice1_computer,player.player4_choice1_computer,player.player1_choice2_computer,player.player2_choice2_computer,player.player3_choice2_computer,player.player4_choice2_computer,group.trial_number,group.reversal_happened
59b69d4fb269ef0001801733,1,1,1,2,2,0.5,0.5,0.75,0.25,0,0,0,0,0,0,0,0,0,0,0,0,0,0,1,0
59b69d4fb269ef0001801733,1,3,3,1,1,0.75,0.25,0.75,0.25,1,1,0,0,0,0,0,0,0,0,0,0,0,0,2,0
59b69d4fb269ef0001801733,1,3,3,1,1,0.75,0.25,0.75,0.25,1,1,0,0,0,0,0,0,0,0,0,0,0,0,3,0
59b69d4fb269ef0001801733,1,3,3,1,1,0.25,0.75,0.75,0.25,1,1,0,0,0,0,0,0,0,0,0,1,0,0,4,0
59b69d4fb269ef0001801733,1,3,3,2,2,0.25,0.75,0.75,0.25,0,0,0,0,0,0,0,0,0,0,0,0,1,0,5,0
59b69d4fb269ef0001801733,1,3,3,1,1,0.75,0.25,0.75,0.25,1,1,0,0,0,0,0,0,0,0,0,0,0,0,6,0
59b69d4fb269ef0001801733,1,3,3,1,1,0.75,0.25,1,0,1,1,0,0,0,0,0,0,0,0,0,0,0,0,7,0
59b69d4fb269ef0001801733,1,3,3,1,1,1,0,0.75,0.25,1,1,0,0,0,0,0,0,0,0,0,0,0,0,8,0
59b69d4fb269ef0001801733,1,3,3,1,2,1,0,0.75,0.25,1,0,0,0,0,0,0,0,0,0,0,0,0,0,9,0
59b69d4fb269ef0001801733,1,3,3,2,1,0,1,0.75,0.25,0,1,1,0,0,0,0,0,0,0,0,0,0,0,10,0
59b69d4fb269ef0001801733,1,3,3,1,1,0.75,0.25,0.75,0.25,1,1,0,0,0,0,0,0,0,0,0,0,0,0,11,0
59b69d4fb269ef0001801733,1,3,3,1,1,0.5,0.5,0.5,0.5,1,1,0,0,0,0,0,0,0,0,0,0,0,0,12,0
59b69d4fb269ef0001801733,1,3,3,2,1,0,1,1,0,0,1,0,0,0,0,0,0,0,0,0,0,0,0,13,0
59b69d4fb269ef0001801733,1,3,3,1,1,1,0,0.75,0.25,1,1,0,0,0,0,0,0,0,0,0,0,0,0,14,0
59b69d4fb269ef0001801733,1,3,3,1,1,1,0,0.75,0.25,1,1,0,0,0,0,0,0,0,0,0,0,0,0,15,0
59b69d4fb269ef0001801733,1,3,3,1,2,0.75,0.25,0.25,0.75,0,1,1,0,0,0,0,0,0,0,0,0,0,0,16,1
59b69d4fb269ef0001801733,1,3,3,2,2,0.75,0.25,0.5,0.5,1,1,1,0,0,0,0,0,0,0,0,0,0,0,17,0
59b69d4fb269ef0001801733,1,3,3,2,2,0.25,0.75,0.25,0.75,1,1,0,0,0,0,0,0,0,0,0,0,0,0,18,0
59b69d4fb269ef0001801733,1,3,3,1,1,0.75,0.25,0.75,0.25,0,0,0,0,0,0,0,0,0,0,0,0,0,0,19,0
59b69d4fb269ef0001801733,1,3,3,1,2,0.75,0.25,0.5,0.5,0,1,0,0,0,0,0,0,0,0,0,0,1,0,20,0
59b69d4fb269ef0001801733,1,3,3,1,2,0.5,0.5,0.5,0.5,0,1,0,0,0,0,0,0,0,0,0,0,0,0,21,0
59b69d4fb269ef0001801733,1,3,3,2,2,0.75,0.25,0.75,0.25,1,1,0,0,0,0,0,0,0,0,0,0,0,0,22,0
59b69d4fb269ef0001801733,1,3,3,1,1,0.5,0.5,0.75,0.25,0,0,0,0,0,0,0,0,0,0,0,0,0,0,23,0
59b69d4fb269ef0001801733,1,3,3,2,2,1,0,0.75,0.25,1,1,0,0,0,0,0,0,0,0,0,0,0,0,24,0
59b69d4fb269ef0001801733,1,3,3,2,1,1,0,0,1,1,0,1,0,0,0,0,0,0,0,0,0,0,0,25,0
59b69d4fb269ef0001801733,1,3,3,2,2,1,0,0.75,0.25,1,1,0,0,1,0,0,0,0,0,0,0,0,0,26,0
59b69d4fb269ef0001801733,1,3,3,2,1,0.25,0.75,0.75,0.25,1,0,1,0,0,0,0,0,0,0,0,0,1,0,27,0
59b69d4fb269ef0001801733,1,3,3,2,2,1,0,0.5,0.5,1,1,0,0,0,0,0,0,0,0,0,0,0,0,28,0
59b69d4fb269ef0001801733,1,3,3,2,2,0.5,0.5,0.75,0.25,1,1,0,0,0,0,0,0,0,0,0,0,0,0,29,0
59b69d4fb269ef0001801733,1,3,3,2,2,0.75,0.25,0.75,0.25,1,1,0,0,0,0,0,0,0,0,0,0,0,0,30,0
59b69d4fb269ef0001801733,1,3,3,1,1,0.25,0.75,0.25,0.75,0,0,0,0,0,0,0,0,0,0,0,0,0,0,31,0
59b69d4fb269ef0001801733,1,3,3,2,2,0.75,0.25,0.75,0.25,1,1,0,0,0,0,0,0,0,0,0,0,0,0,32,0
59b69d4fb269ef0001801733,1,3,3,2,2,0.75,0.25,0.75,0.25,0,0,0,0,0,0,0,0,0,0,0,0,0,0,33,1
59b69d4fb269ef0001801733,1,1,3,2,1,0.5,0.5,0.5,0.5,0,1,0,0,0,0,0,0,0,0,0,0,0,0,34,0
59b69d4fb269ef0001801733,1,3,3,1,1,0.75,0.25,0.75,0.25,1,1,0,0,0,0,0,1,0,0,0,1,0,0,35,0
59b69d4fb269ef0001801733,1,3,3,1,1,0.75,0.25,0.5,0.5,1,1,0,0,0,0,0,1,0,0,0,0,0,0,36,0
59b69d4fb269ef0001801733,1,3,3,2,2,0.5,0.5,0.5,0.5,0,0,0,0,0,0,0,0,0,0,0,0,0,0,37,0
59b69d4fb269ef0001801733,1,3,3,1,1,0.75,0.25,0.25,0.75,1,1,0,0,0,0,0,1,0,0,0,0,0,0,38,0
59b69d4fb269ef0001801733,1,3,3,1,1,0.75,0.25,0.75,0.25,1,1,0,0,0,0,0,0,0,0,0,1,0,0,39,0
59b69d4fb269ef0001801733,1,3,3,1,2,0.75,0.25,0,1,1,0,0,0,0,0,0,0,0,0,0,0,0,0,40,0
59b69d4fb269ef0001801733,1,3,3,2,1,0.5,0.5,0.75,0.25,0,1,0,0,0,0,0,0,0,0,0,0,0,0,41,0
59b69d4fb269ef0001801733,1,3,3,1,1,0.75,0.25,0.75,0.25,1,1,0,0,0,0,0,0,0,0,0,0,0,0,42,0
59b69d4fb269ef0001801733,1,3,3,1,1,1,0,1,0,1,1,0,0,0,0,0,0,0,0,0,0,0,0,43,0
59b69d4fb269ef0001801733,1,3,3,1,1,1,0,0.75,0.25,1,1,0,0,0,0,0,0,0,0,0,0,0,0,44,0
59b69d4fb269ef0001801733,1,3,3,1,1,0.5,0.5,0.75,0.25,1,1,0,0,0,0,0,0,0,0,0,0,1,0,45,0
59b69d4fb269ef0001801733,1,3,3,1,1,1,0,0.75,0.25,1,1,0,0,0,0,0,0,0,0,0,0,0,0,46,0
59b69d4fb269ef0001801733,1,3,3,2,2,0.5,0.5,0.75,0.25,0,0,0,0,0,0,0,0,0,0,0,0,0,0,47,0
59b69d4fb269ef0001801733,1,3,3,1,1,0.75,0.25,0.75,0.25,0,0,0,0,0,0,0,0,0,0,0,0,0,0,48,1
59b69d4fb269ef0001801733,1,3,3,1,1,0.5,0.5,0,1,0,0,0,0,0,0,0,0,0,0,0,0,0,0,49,0
59b69d4fb269ef0001801733,1,3,3,1,1,0.75,0.25,0.75,0.25,0,0,0,0,0,0,0,0,0,0,0,0,0,0,50,0
59b69d4fb269ef0001801733,1,3,3,1,1,0.25,0.75,0.25,0.75,0,0,0,0,0,0,0,0,0,0,0,0,0,0,51,0
59b69d4fb269ef0001801733,1,3,3,2,1,0.75,0.25,0.5,0.5,1,0,0,0,0,0,0,0,0,0,0,0,0,0,52,0
59b69d4fb269ef0001801733,1,3,3,1,1,0.75,0.25,0.75,0.25,0,0,0,0,0,0,0,0,0,0,0,0,0,0,53,0
59b69d4fb269ef0001801733,1,3,1,2,2,0.5,0.5,0.5,0.5,1,1,1,0,1,0,0,0,0,0,0,0,0,0,54,0
59b69d4fb269ef0001801733,1,3,3,1,1,0.5,0.5,0.25,0.75,0,0,0,0,0,0,0,0,0,0,0,0,0,0,55,0
59b69d4fb269ef0001801733,1,3,3,1,1,0.5,0.5,0.5,0.5,0,0,0,0,0,0,0,0,0,0,0,0,0,0,56,0
59b69d4fb269ef0001801733,1,3,3,2,2,1,0,1,0,1,1,0,0,0,0,0,0,0,0,0,0,0,0,57,0
59b69d4fb269ef0001801733,1,3,3,2,2,0.75,0.25,0.5,0.5,1,1,0,0,0,0,0,0,0,0,0,0,0,0,58,0
59b69d4fb269ef0001801733,1,3,3,1,1,0.5,0.5,0.75,0.25,0,0,0,0,0,0,0,0,0,0,0,0,0,0,59,0
59b69d4fb269ef0001801733,1,3,3,1,1,0.25,0.75,0,1,0,0,0,0,0,0,0,1,0,0,0,0,0,0,60,0
672a3488a8bffdf9dac2b72f,2,1,1,2,2,0.5,0.5,0.75,0.25,0,0,0,0,0,0,0,0,0,0,0,0,0,0,1,0
672a3488a8bffdf9dac2b72f,2,3,3,1,1,0.75,0.25,0.75,0.25,1,1,0,0,0,0,0,0,0,0,0,0,0,0,2,0
672a3488a8bffdf9dac2b72f,2,2,3,1,1,0.75,0.25,0.75,0.25,1,1,0,0,0,0,0,0,0,0,0,0,0,0,3,0
672a3488a8bffdf9dac2b72f,2,1,2,2,1,0.5,0.5,0.75,0.25,0,1,0,0,0,0,0,0,0,0,1,0,0,0,4,0
672a3488a8bffdf9dac2b72f,2,1,3,1,2,0.5,0.5,0.75,0.25,1,0,0,0,0,0,0,0,0,0,0,1,0,0,5,0
672a3488a8bffdf9dac2b72f,2,2,2,1,1,0.75,0.25,0.75,0.25,1,1,0,0,0,0,0,0,0,0,0,0,0,0,6,0
672a3488a8bffdf9dac2b72f,2,2,2,2,1,0,1,1,0,0,1,0,0,0,0,0,0,0,0,0,0,0,0,7,0
672a3488a8bffdf9dac2b72f,2,3,3,1,1,1,0,0.75,0.25,1,1,0,0,0,0,0,0,0,0,0,0,0,0,8,0
672a3488a8bffdf9dac2b72f,2,1,1,1,2,1,0,0.75,0.25,1,0,0,0,0,0,0,0,0,0,0,0,0,0,9,0
672a3488a8bffdf9dac2b72f,2,3,3,1,1,0.75,0.25,0.75,0.25,1,1,0,0,0,0,0,0,0,1,0,0,0,0,10,0
672a3488a8bffdf9dac2b72f,2,3,3,1,1,0.75,0.25,0.75,0.25,1,1,0,0,0,0,0,0,0,0,0,0,0,0,11,0
672a3488a8bffdf9dac2b72f,2,1,1,2,2,0.25,0.75,0.25,0.75,0,0,0,0,0,0,0,0,0,0,0,0,0,0,12,0
672a3488a8bffdf9dac2b72f,2,2,1,1,1,0.75,0.25,1,0,1,1,0,0,0,1,0,0,0,0,0,0,0,0,13,0
672a3488a8bffdf9dac2b72f,2,2,3,1,1,1,0,0.75,0.25,1,1,0,0,0,1,0,0,0,0,0,0,0,0,14,0
672a3488a8bffdf9dac2b72f,2,3,2,1,1,1,0,0.75,0.25,1,1,0,0,0,0,0,0,0,0,0,0,0,0,15,0
672a3488a8bffdf9dac2b72f,2,3,3,1,1,0.75,0.25,0.5,0.5,0,0,0,0,0,0,0,0,0,1,0,0,0,0,16,1
672a3488a8bffdf9dac2b72f,2,2,3,2,1,0.75,0.25,0.25,0.75,1,0,0,0,0,0,0,0,0,1,0,0,0,0,17,0
672a3488a8bffdf9dac2b72f,2,3,3,1,1,0.5,0.5,0.5,0.5,0,0,0,0,0,0,0,0,0,0,0,0,0,0,18,0
672a3488a8bffdf9dac2b72f,2,2,2,1,1,0.75,0.25,0.75,0.25,0,0,0,0,0,0,0,0,0,0,0,0,0,0,19,0
672a3488a8bffdf9dac2b72f,2,3,1,1,1,0.75,0.25,0.25,0.75,0,0,0,0,0,0,0,0,0,0,0,1,0,0,20,0
672a3488a8bffdf9dac2b72f,2,2,1,2,2,0.25,0.75,0.5,0.5,1,1,0,0,0,0,0,0,0,0,0,0,0,0,21,0
672a3488a8bffdf9dac2b72f,2,2,2,2,2,0.75,0.25,0.75,0.25,1,1,0,0,0,0,0,0,0,0,0,0,0,0,22,0
672a3488a8bffdf9dac2b72f,2,3,3,1,1,0.5,0.5,0.75,0.25,0,0,0,0,0,0,0,0,0,0,0,0,0,0,23,0
672a3488a8bffdf9dac2b72f,2,3,3,2,2,1,0,0.75,0.25,1,1,0,0,0,0,0,0,0,0,0,0,0,0,24,0
672a3488a8bffdf9dac2b72f,2,2,2,2,2,1,0,0.75,0.25,1,1,0,0,0,0,0,0,0,1,0,0,0,0,25,0
672a3488a8bffdf9dac2b72f,2,2,2,2,2,1,0,0.75,0.25,1,1,0,0,0,0,0,0,0,0,0,0,0,1,26,0
672a3488a8bffdf9dac2b72f,2,2,2,1,1,0.5,0.5,0.75,0.25,0,0,0,0,0,0,0,0,0,1,0,1,0,0,27,0
672a3488a8bffdf9dac2b72f,2,2,2,2,1,1,0,0.25,0.75,1,0,0,0,0,0,0,0,0,0,0,0,0,0,28,0
672a3488a8bffdf9dac2b72f,2,1,3,1,2,0.25,0.75,0.75,0.25,0,1,0,0,0,0,0,0,0,0,0,0,0,0,29,0
672a3488a8bffdf9dac2b72f,2,2,2,2,2,0.75,0.25,0.75,0.25,1,1,0,0,0,0,0,0,0,0,0,0,0,0,30,0
672a3488a8bffdf9dac2b72f,2,1,1,2,1,0.5,0.5,0.25,0.75,1,0,0,0,0,0,0,0,0,0,0,0,0,0,31,0
672a3488a8bffdf9dac2b72f,2,3,3,2,2,0.75,0.25,0.75,0.25,1,1,0,0,0,0,0,0,0,0,0,0,0,0,32,0
672a3488a8bffdf9dac2b72f,2,3,3,2,2,0.75,0.25,0.75,0.25,0,0,0,0,0,0,0,0,0,0,0,0,0,0,33,1
672a3488a8bffdf9dac2b72f,2,2,3,2,2,0.5,0.5,0.25,0.75,0,0,0,0,0,0,0,0,0,0,0,0,0,0,34,0
672a3488a8bffdf9dac2b72f,2,2,2,1,1,0.75,0.25,0.75,0.25,1,1,0,1,0,0,1,0,0,0,1,0,0,0,35,0
672a3488a8bffdf9dac2b72f,2,3,3,1,1,0.75,0.25,0.5,0.5,1,1,0,0,0,0,1,0,0,0,0,0,0,0,36,0
672a3488a8bffdf9dac2b72f,2,2,2,2,2,0.5,0.5,0.5,0.5,0,0,0,0,0,0,0,0,0,0,0,0,0,0,37,0
672a3488a8bffdf9dac2b72f,2,1,3,1,2,0.75,0.25,0.5,0.5,1,0,0,0,0,0,1,0,0,0,0,0,0,0,38,0
672a3488a8bffdf9dac2b72f,2,3,3,1,1,0.75,0.25,0.75,0.25,1,1,0,0,0,0,0,0,0,0,1,0,0,0,39,0
672a3488a8bffdf9dac2b72f,2,3,2,1,1,0.75,0.25,0.75,0.25,1,1,0,0,0,1,0,0,0,0,0,0,0,0,40,0
672a3488a8bffdf9dac2b72f,2,1,2,2,1,0.5,0.5,0.75,0.25,0,1,0,0,0,0,0,0,0,0,0,0,0,0,41,0
672a3488a8bffdf9dac2b72f,2,3,3,1,1,0.75,0.25,0.75,0.25,1,1,0,0,0,0,0,0,0,0,0,0,0,0,42,0
672a3488a8bffdf9dac2b72f,2,3,2,1,1,1,0,1,0,1,1,0,0,0,0,0,0,0,0,0,0,0,0,43,0
672a3488a8bffdf9dac2b72f,2,3,3,1,1,1,0,0.75,0.25,1,1,0,1,0,0,0,0,0,0,0,0,0,0,44,0
672a3488a8bffdf9dac2b72f,2,2,2,2,1,0.25,0.75,0.75,0.25,0,1,0,0,0,0,0,0,0,0,0,1,0,0,45,0
672a3488a8bffdf9dac2b72f,2,3,3,1,1,1,0,0.75,0.25,1,1,0,0,0,0,0,0,0,0,0,0,0,0,46,0
672a3488a8bffdf9dac2b72f,2,3,1,2,2,0.5,0.5,0.75,0.25,0,0,0,1,0,0,0,0,0,0,0,0,0,0,47,0
672a3488a8bffdf9dac2b72f,2,2,2,1,1,0.75,0.25,0.75,0.25,0,0,0,0,0,0,0,0,0,0,0,0,0,0,48,1
672a3488a8bffdf9dac2b72f,2,2,2,1,2,0.5,0.5,0.75,0.25,0,1,0,0,0,0,0,0,0,0,0,0,0,0,49,0
672a3488a8bffdf9dac2b72f,2,3,3,1,1,0.75,0.25,0.75,0.25,0,0,0,0,0,0,0,0,0,0,0,0,0,0,50,0
672a3488a8bffdf9dac2b72f,2,2,2,1,1,0.25,0.75,0.25,0.75,0,0,0,0,0,0,0,0,0,0,0,0,0,0,51,0
672a3488a8bffdf9dac2b72f,2,1,2,1,1,0,1,0.5,0.5,0,0,0,0,0,0,0,0,0,0,0,0,0,0,52,0
672a3488a8bffdf9dac2b72f,2,3,3,1,1,0.75,0.25,0.75,0.25,0,0,0,0,0,0,0,0,0,0,0,0,0,0,53,0
672a3488a8bffdf9dac2b72f,2,3,2,1,1,0.25,0.75,0.25,0.75,0,0,0,0,0,0,0,0,0,1,0,0,0,1,54,0
672a3488a8bffdf9dac2b72f,2,2,2,1,2,0.5,0.5,0.5,0.5,0,1,0,0,0,0,0,0,0,0,0,0,0,0,55,0
672a3488a8bffdf9dac2b72f,2,1,1,1,1,0.5,0.5,0.5,0.5,0,0,0,0,0,0,0,0,0,0,0,0,0,0,56,0
672a3488a8bffdf9dac2b72f,2,3,3,2,2,1,0,1,0,1,1,0,0,0,0,0,0,0,0,0,0,0,0,57,0
672a3488a8bffdf9dac2b72f,2,3,1,2,1,0.75,0.25,0.25,0.75,1,0,0,0,0,0,0,0,0,0,0,0,0,0,58,0
672a3488a8bffdf9dac2b72f,2,2,2,1,1,0.5,0.5,0.75,0.25,0,0,0,0,0,0,0,0,0,0,0,0,0,0,59,0
672a3488a8bffdf9dac2b72f,2,3,3,2,2,0.5,0.5,0.75,0.25,1,1,0,0,0,0,1,0,0,0,0,0,0,0,60,0
587b7ab8c192390001d60136,3,3,3,1,2,0.25,0.75,0.75,0.25,1,0,0,0,0,0,0,0,0,0,0,0,0,0,1,0
587b7ab8c192390001d60136,3,3,2,2,2,0,1,0,1,0,0,0,0,0,0,0,0,0,0,0,0,0,0,2,0
587b7ab8c192390001d60136,3,3,3,2,2,0,1,0,1,0,0,0,0,0,0,0,0,0,0,0,0,0,0,3,0
587b7ab8c192390001d60136,3,3,3,2,2,0.5,0.5,0,1,0,0,0,0,0,0,0,0,0,0,0,1,0,0,4,0
587b7ab8c192390001d60136,3,2,3,2,2,0.25,0.75,0.75,0.25,0,0,0,0,0,0,0,0,0,0,0,0,1,0,5,0
587b7ab8c192390001d60136,3,3,3,1,1,0.75,0.25,0.75,0.25,1,1,0,0,0,0,0,0,0,0,0,0,0,0,6,0
587b7ab8c192390001d60136,3,3,3,1,1,0.75,0.25,1,0,1,1,0,0,0,0,0,0,0,0,0,0,0,0,7,0
587b7ab8c192390001d60136,3,2,3,1,2,1,0,0,1,1,0,0,0,0,0,0,0,0,0,0,0,0,0,8,0
587b7ab8c192390001d60136,3,2,3,1,2,1,0,0.75,0.25,1,0,0,0,0,0,0,0,0,0,0,0,0,0,9,0
587b7ab8c192390001d60136,3,2,3,1,2,0.75,0.25,0,1,1,0,0,0,0,0,0,0,0,1,0,0,0,0,10,0
587b7ab8c192390001d60136,3,3,3,2,2,0,1,0,1,0,0,0,0,0,0,0,0,0,0,0,0,0,0,11,0
587b7ab8c192390001d60136,3,3,3,2,2,0.25,0.75,0.25,0.75,0,0,0,0,0,0,0,0,0,0,0,0,0,0,12,0
587b7ab8c192390001d60136,3,2,2,1,1,0.75,0.25,1,0,1,1,0,0,0,0,0,0,0,0,0,0,0,0,13,0
587b7ab8c192390001d60136,3,1,3,1,2,1,0,0,1,1,0,0,1,0,0,0,0,0,0,0,0,0,0,14,0
587b7ab8c192390001d60136,3,3,3,1,2,1,0,0,1,1,0,0,0,0,0,0,0,0,0,0,0,0,0,15,0
587b7ab8c192390001d60136,3,2,3,2,2,0,1,0.25,0.75,1,1,0,0,0,0,0,0,0,1,0,0,0,0,16,1
587b7ab8c192390001d60136,3,2,3,2,2,0.75,0.25,0.5,0.5,1,1,0,0,0,0,0,0,0,1,0,0,0,0,17,0
587b7ab8c192390001d60136,3,2,2,1,1,0.5,0.5,0.5,0.5,0,0,0,0,0,0,0,0,0,0,0,0,0,0,18,0
587b7ab8c192390001d60136,3,2,3,2,2,0,1,0,1,1,1,0,0,0,0,0,0,0,0,0,0,0,0,19,0
587b7ab8c192390001d60136,3,2,2,1,1,0.75,0.25,0.25,0.75,0,0,0,0,0,0,0,0,0,0,0,0,1,0,20,0
587b7ab8c192390001d60136,3,2,2,1,1,0.5,0.5,0.25,0.75,0,0,0,0,0,0,0,0,0,0,0,0,0,0,21,0
587b7ab8c192390001d60136,3,2,3,2,1,0.75,0.25,0,1,1,0,0,0,0,0,0,0,0,0,0,0,0,0,22,0
587b7ab8c192390001d60136,3,2,3,2,1,0.25,0.75,0.75,0.25,1,0,0,0,0,0,0,0,0,0,0,0,0,0,23,0
587b7ab8c192390001d60136,3,2,3,2,1,1,0,0,1,1,0,0,0,0,0,0,0,0,0,0,0,0,0,24,0
587b7ab8c192390001d60136,3,2,3,2,2,1,0,0.75,0.25,1,1,0,0,0,0,0,0,0,1,0,0,0,0,25,0
587b7ab8c192390001d60136,3,2,3,2,1,1,0,0,1,1,0,0,0,0,0,0,0,0,0,0,0,0,1,26,0
587b7ab8c192390001d60136,3,2,2,1,1,0.5,0.5,0.75,0.25,0,0,0,0,0,0,0,0,0,1,0,0,1,0,27,0
587b7ab8c192390001d60136,3,2,3,2,1,1,0,0.25,0.75,1,0,0,0,0,0,0,0,0,0,0,0,0,0,28,0
587b7ab8c192390001d60136,3,2,3,1,1,0.25,0.75,0,1,0,0,0,0,0,0,0,0,0,0,0,0,0,0,29,0
587b7ab8c192390001d60136,3,2,3,1,1,0,1,0,1,0,0,0,0,0,0,0,0,0,0,0,0,0,0,30,0
587b7ab8c192390001d60136,3,2,2,2,2,0.5,0.5,0.5,0.5,1,1,0,0,0,0,0,0,0,0,0,0,0,0,31,0
587b7ab8c192390001d60136,3,2,3,1,1,0,1,0,1,0,0,0,0,0,0,0,0,0,0,0,0,0,0,32,0
587b7ab8c192390001d60136,3,2,3,2,2,0.75,0.25,0.75,0.25,0,0,0,0,0,0,0,0,0,0,0,0,0,0,33,1
587b7ab8c192390001d60136,3,2,2,1,1,0.25,0.75,0.5,0.5,1,1,0,0,0,0,0,0,0,0,0,0,0,0,34,0
587b7ab8c192390001d60136,3,2,3,2,1,0,1,0.75,0.25,0,1,0,0,0,0,0,1,0,0,0,1,0,0,35,0
587b7ab8c192390001d60136,3,2,3,1,2,0.75,0.25,0.25,0.75,1,0,0,0,0,0,0,1,0,0,0,0,0,0,36,0
587b7ab8c192390001d60136,3,2,1,1,1,0.25,0.75,0.25,0.75,1,1,0,0,0,0,0,0,0,0,0,0,0,0,37,0
587b7ab8c192390001d60136,3,2,3,1,2,0.75,0.25,0.5,0.5,1,0,0,0,0,0,0,1,0,0,0,0,0,0,38,0
587b7ab8c192390001d60136,3,2,3,2,2,0,1,0,1,0,0,0,0,0,0,0,0,0,0,0,1,0,0,39,0
587b7ab8c192390001d60136,3,2,3,1,1,0.75,0.25,0.75,0.25,1,1,0,0,0,0,0,0,0,0,0,0,0,0,40,0
587b7ab8c192390001d60136,3,2,2,2,2,0.5,0.5,0,1,0,0,0,0,0,0,0,0,0,0,0,0,0,0,41,0
587b7ab8c192390001d60136,3,2,3,2,2,0,1,0,1,0,0,0,0,0,0,0,0,0,0,0,0,0,0,42,0
587b7ab8c192390001d60136,3,2,3,1,1,1,0,1,0,1,1,0,0,0,0,0,0,0,0,0,0,0,0,43,0
587b7ab8c192390001d60136,3,2,3,1,2,1,0,0,1,1,0,0,0,0,0,0,0,0,0,0,0,0,0,44,0
587b7ab8c192390001d60136,3,3,2,2,2,0.25,0.75,0,1,0,0,0,1,0,0,0,0,0,0,0,0,1,0,45,0
587b7ab8c192390001d60136,3,2,3,1,2,1,0,0,1,1,0,0,0,0,0,0,0,0,0,0,0,0,0,46,0
587b7ab8c192390001d60136,3,2,3,1,2,0.25,0.75,0.75,0.25,1,0,0,0,0,0,0,0,0,0,0,0,0,0,47,0
587b7ab8c192390001d60136,3,2,3,2,2,0,1,0,1,1,1,0,0,0,0,0,0,0,0,0,0,0,0,48,1
587b7ab8c192390001d60136,3,2,2,1,2,0.5,0.5,0.75,0.25,0,1,0,0,0,0,0,0,0,0,0,0,0,0,49,0
587b7ab8c192390001d60136,3,2,3,2,2,0,1,0,1,1,1,0,0,0,0,0,0,0,0,0,0,0,0,50,0
587b7ab8c192390001d60136,3,2,2,2,2,0.5,0.5,0.5,0.5,1,1,0,0,0,0,0,0,0,0,0,0,0,0,51,0
587b7ab8c192390001d60136,3,2,3,2,1,0.75,0.25,0.5,0.5,1,0,0,0,0,0,0,0,0,0,0,0,0,0,52,0
587b7ab8c192390001d60136,3,2,2,1,1,0.75,0.25,0.75,0.25,0,0,0,0,0,0,0,0,0,0,0,0,0,0,53,0
587b7ab8c192390001d60136,3,2,3,2,2,0.5,0.5,0.5,0.5,1,1,0,0,0,0,0,0,0,1,0,0,0,1,54,0
587b7ab8c192390001d60136,3,2,3,2,2,0.25,0.75,0.5,0.5,1,1,0,0,0,0,0,0,0,0,0,0,0,0,55,0
587b7ab8c192390001d60136,3,2,3,2,2,0.25,0.75,0.25,0.75,1,1,0,0,0,0,0,0,0,0,0,0,0,0,56,0
587b7ab8c192390001d60136,3,2,3,2,2,1,0,1,0,1,1,0,0,0,0,0,0,0,0,0,0,0,0,57,0
587b7ab8c192390001d60136,3,2,3,1,1,0,1,0.25,0.75,0,0,0,0,0,0,0,0,0,0,0,0,0,0,58,0
587b7ab8c192390001d60136,3,2,2,1,1,0.5,0.5,0.75,0.25,0,0,0,0,0,0,0,0,0,0,0,0,0,0,59,0
587b7ab8c192390001d60136,3,2,2,1,2,0.25,0.75,0.75,0.25,0,1,0,0,0,0,0,1,0,0,0,0,0,0,60,0
5e9b60ab511e7a0650994050,4,2,2,1,1,0.25,0.75,0,1,1,1,0,0,0,0,0,0,0,0,0,0,0,0,1,0
5e9b60ab511e7a0650994050,4,3,3,1,1,0.75,0.25,0.75,0.25,1,1,0,0,0,0,0,0,0,0,0,0,0,0,2,0
5e9b60ab511e7a0650994050,4,3,3,1,1,0.75,0.25,0.75,0.25,1,1,0,0,0,0,0,0,0,0,0,0,0,0,3,0
5e9b60ab511e7a0650994050,4,3,3,1,1,0.25,0.75,0.75,0.25,1,1,0,0,0,0,0,0,0,0,0,1,0,0,4,0
5e9b60ab511e7a0650994050,4,1,1,1,2,0.5,0.5,0.75,0.25,1,0,0,1,1,1,0,0,0,0,0,0,0,0,5,0
5e9b60ab511e7a0650994050,4,3,3,1,1,0.75,0.25,0.75,0.25,1,1,0,0,0,0,0,0,0,0,0,0,0,0,6,0
5e9b60ab511e7a0650994050,4,3,3,1,1,0.75,0.25,1,0,1,1,0,0,0,0,0,0,0,0,0,0,0,0,7,0
5e9b60ab511e7a0650994050,4,3,3,1,1,1,0,0.75,0.25,1,1,0,0,0,0,0,0,0,0,0,0,0,0,8,0
5e9b60ab511e7a0650994050,4,3,3,1,1,1,0,0,1,1,1,0,0,0,0,0,0,0,0,0,0,0,0,9,0
5e9b60ab511e7a0650994050,4,3,3,1,1,0.75,0.25,0.75,0.25,1,1,0,0,0,0,0,0,0,1,0,0,0,0,10,0
5e9b60ab511e7a0650994050,4,3,3,1,1,0.75,0.25,0.75,0.25,1,1,0,0,0,0,0,0,0,0,0,0,0,0,11,0
5e9b60ab511e7a0650994050,4,3,3,1,1,0.5,0.5,0.5,0.5,1,1,0,0,0,0,0,0,0,0,0,0,0,0,12,0
5e9b60ab511e7a0650994050,4,3,3,1,1,0.75,0.25,1,0,1,1,0,0,0,0,0,0,0,0,0,0,0,0,13,0
5e9b60ab511e7a0650994050,4,3,3,1,1,1,0,0.75,0.25,1,1,0,0,0,0,0,0,0,0,0,0,0,0,14,0
5e9b60ab511e7a0650994050,4,3,3,1,1,1,0,0.75,0.25,1,1,0,0,0,0,0,0,0,0,0,0,0,0,15,0
5e9b60ab511e7a0650994050,4,3,3,1,1,0.75,0.25,0.5,0.5,0,0,0,0,0,0,0,0,0,1,0,0,0,0,16,1
5e9b60ab511e7a0650994050,4,3,3,1,1,0,1,0.25,0.75,0,0,0,0,0,0,0,0,0,1,0,0,0,0,17,0
5e9b60ab511e7a0650994050,4,3,3,1,1,0.5,0.5,0.5,0.5,0,0,0,0,0,0,0,0,0,0,0,0,0,0,18,0
5e9b60ab511e7a0650994050,4,3,2,1,1,0.75,0.25,0.75,0.25,0,0,0,0,0,1,0,0,0,0,0,0,0,0,19,0
5e9b60ab511e7a0650994050,4,3,1,1,2,0.75,0.25,0.5,0.5,0,1,0,0,1,1,0,0,0,0,0,0,0,0,20,0
5e9b60ab511e7a0650994050,4,3,3,1,1,0.5,0.5,0.25,0.75,0,0,0,0,0,0,0,0,0,0,0,0,0,0,21,0
5e9b60ab511e7a0650994050,4,3,3,1,2,0,1,0.75,0.25,0,1,0,0,0,0,0,0,0,0,0,0,0,0,22,0
5e9b60ab511e7a0650994050,4,3,3,2,2,0.25,0.75,0,1,1,1,0,0,0,0,0,0,0,0,0,0,0,0,23,0
5e9b60ab511e7a0650994050,4,3,3,2,2,1,0,0.75,0.25,1,1,0,0,0,0,0,0,0,0,0,0,0,0,24,0
5e9b60ab511e7a0650994050,4,1,3,2,2,1,0,0.75,0.25,1,1,0,1,0,0,0,0,0,1,0,0,0,0,25,0
5e9b60ab511e7a0650994050,4,3,3,2,2,1,0,0.75,0.25,1,1,0,0,0,0,0,0,0,0,0,0,0,1,26,0
5e9b60ab511e7a0650994050,4,3,3,2,2,0.25,0.75,0,1,1,1,0,0,1,0,0,0,0,1,0,0,0,0,27,0
5e9b60ab511e7a0650994050,4,3,3,2,2,1,0,0.5,0.5,1,1,0,0,0,0,0,0,0,0,0,0,0,0,28,0
5e9b60ab511e7a0650994050,4,3,3,2,2,0.5,0.5,0.75,0.25,1,1,0,0,0,0,0,0,0,0,0,0,0,0,29,0
5e9b60ab511e7a0650994050,4,3,3,2,2,0.75,0.25,0.75,0.25,1,1,0,0,0,0,0,0,0,0,0,0,0,0,30,0
5e9b60ab511e7a0650994050,4,3,3,2,2,0.5,0.5,0.5,0.5,1,1,0,0,0,0,0,0,0,0,0,0,0,0,31,0
5e9b60ab511e7a0650994050,4,3,3,2,2,0.75,0.25,0.75,0.25,1,1,0,0,0,0,0,0,0,0,0,0,0,0,32,0
5e9b60ab511e7a0650994050,4,3,3,2,2,0.75,0.25,0.75,0.25,0,0,0,0,0,0,0,0,0,0,0,0,0,0,33,1
5e9b60ab511e7a0650994050,4,3,3,2,2,0.5,0.5,0.25,0.75,0,0,0,0,0,0,0,0,0,0,0,0,0,0,34,0
5e9b60ab511e7a0650994050,4,3,3,1,1,0.75,0.25,0.75,0.25,1,1,0,0,0,0,0,1,0,0,0,1,0,0,35,0
5e9b60ab511e7a0650994050,4,3,3,1,1,0.75,0.25,0.5,0.5,1,1,0,0,0,0,0,1,0,0,0,0,0,0,36,0
5e9b60ab511e7a0650994050,4,3,3,1,1,0.25,0.75,0.25,0.75,1,1,0,0,0,0,0,0,0,0,0,0,0,0,37,0
5e9b60ab511e7a0650994050,4,3,3,1,1,0.75,0.25,0.25,0.75,1,1,0,0,0,0,0,1,0,0,0,0,0,0,38,0
5e9b60ab511e7a0650994050,4,3,3,1,1,0.75,0.25,0.75,0.25,1,1,0,0,0,0,0,0,0,0,0,1,0,0,39,0
5e9b60ab511e7a0650994050,4,3,3,1,1,0.75,0.25,0.75,0.25,1,1,0,0,0,0,0,0,0,0,0,0,0,0,40,0
5e9b60ab511e7a0650994050,4,3,3,1,1,0.25,0.75,0.75,0.25,1,1,0,0,0,0,0,0,0,0,0,0,0,0,41,0
5e9b60ab511e7a0650994050,4,3,3,1,1,0.75,0.25,0.75,0.25,1,1,0,0,0,0,0,0,0,0,0,0,0,0,42,0
5e9b60ab511e7a0650994050,4,3,3,1,1,1,0,1,0,1,1,0,0,0,0,0,0,0,0,0,0,0,0,43,0
5e9b60ab511e7a0650994050,4,3,3,1,1,1,0,0.75,0.25,1,1,0,0,0,0,0,0,0,0,0,0,0,0,44,0
5e9b60ab511e7a0650994050,4,3,3,1,1,0.5,0.5,0.75,0.25,1,1,0,0,1,1,0,0,0,0,0,0,0,0,45,0
5e9b60ab511e7a0650994050,4,3,3,1,1,1,0,0.75,0.25,1,1,0,0,0,0,0,0,0,0,0,0,0,0,46,0
5e9b60ab511e7a0650994050,4,1,3,1,1,0.25,0.75,0,1,1,1,0,1,0,0,0,0,0,0,0,0,0,0,47,0
5e9b60ab511e7a0650994050,4,3,3,1,1,0.75,0.25,0.75,0.25,0,0,0,0,0,0,0,0,0,0,0,0,0,0,48,1
5e9b60ab511e7a0650994050,4,3,3,2,2,0.25,0.75,0.75,0.25,1,1,0,0,0,0,0,0,0,0,0,0,0,0,49,0
5e9b60ab511e7a0650994050,4,3,3,1,1,0.75,0.25,0.75,0.25,0,0,0,0,0,0,0,0,0,0,0,0,0,0,50,0
5e9b60ab511e7a0650994050,4,3,3,2,2,0.5,0.5,0.5,0.5,1,1,0,0,0,0,0,0,0,0,0,0,0,0,51,0
5e9b60ab511e7a0650994050,4,3,3,2,2,0.75,0.25,0.25,0.75,1,1,0,0,0,0,0,0,0,0,0,0,0,0,52,0
5e9b60ab511e7a0650994050,4,3,3,2,2,0,1,0,1,1,1,0,0,0,0,0,0,0,0,0,0,0,0,53,0
5e9b60ab511e7a0650994050,4,3,3,2,2,0.5,0.5,0.5,0.5,1,1,0,0,0,0,0,0,0,1,0,0,0,1,54,0
5e9b60ab511e7a0650994050,4,3,3,2,2,0.25,0.75,0.5,0.5,1,1,0,0,0,0,0,0,0,0,0,0,0,0,55,0
5e9b60ab511e7a0650994050,4,3,3,2,2,0.25,0.75,0.25,0.75,1,1,0,0,0,0,0,0,0,0,0,0,0,0,56,0
5e9b60ab511e7a0650994050,4,3,3,2,2,1,0,1,0,1,1,0,0,0,0,0,0,0,0,0,0,0,0,57,0
5e9b60ab511e7a0650994050,4,3,3,2,2,0.75,0.25,0.5,0.5,1,1,0,0,0,0,0,0,0,0,0,0,0,0,58,0
5e9b60ab511e7a0650994050,4,2,3,2,2,0.25,0.75,0,1,1,1,0,1,0,0,0,0,0,0,0,0,0,0,59,0
5e9b60ab511e7a0650994050,4,3,3,2,2,0.5,0.5,0.75,0.25,1,1,0,0,0,0,0,1,0,0,0,0,0,0,60,0
665ad886225977530cd6579c,5,2,2,2,2,0.5,0.5,0.75,0.25,0,0,0,0,0,0,0,0,0,0,0,0,0,0,1,0
665ad886225977530cd6579c,5,3,3,1,1,0.75,0.25,0.75,0.25,1,1,0,0,0,0,0,0,0,0,0,0,0,0,2,0
665ad886225977530cd6579c,5,2,1,1,1,0.75,0.25,0.75,0.25,1,1,0,0,0,0,0,0,0,0,0,0,0,0,3,0
665ad886225977530cd6579c,5,2,2,2,1,0.5,0.5,0.75,0.25,0,1,0,0,1,1,0,0,0,0,0,0,0,0,4,0
665ad886225977530cd6579c,5,2,2,1,1,0.5,0.5,0,1,1,1,0,0,0,0,0,0,0,0,0,1,0,0,5,0
665ad886225977530cd6579c,5,3,3,2,2,0,1,0,1,0,0,0,0,0,0,0,0,0,0,0,0,0,0,6,0
665ad886225977530cd6579c,5,2,3,1,1,0.75,0.25,1,0,1,1,0,0,0,0,0,0,0,0,0,0,0,0,7,0
665ad886225977530cd6579c,5,3,3,1,1,1,0,0.75,0.25,1,1,0,0,0,0,0,0,0,0,0,0,0,0,8,0
665ad886225977530cd6579c,5,1,2,1,2,1,0,0.75,0.25,1,0,0,0,0,0,0,0,0,0,0,0,0,0,9,0
665ad886225977530cd6579c,5,3,3,1,1,0.75,0.25,0.75,0.25,1,1,0,0,0,0,0,0,0,1,0,0,0,0,10,0
665ad886225977530cd6579c,5,2,2,1,1,0.75,0.25,0.75,0.25,1,1,0,0,0,0,0,0,0,0,0,0,0,0,11,0
665ad886225977530cd6579c,5,3,3,1,1,0.5,0.5,0.5,0.5,1,1,0,0,0,0,0,0,0,0,0,0,0,0,12,0
665ad886225977530cd6579c,5,2,2,1,1,0.75,0.25,1,0,1,1,0,0,0,0,0,0,0,0,0,0,0,0,13,0
665ad886225977530cd6579c,5,2,2,1,1,1,0,0.75,0.25,1,1,0,0,0,0,0,0,0,0,0,0,0,0,14,0
665ad886225977530cd6579c,5,2,3,1,1,1,0,0.75,0.25,1,1,0,0,0,0,0,0,0,0,0,0,0,0,15,0
665ad886225977530cd6579c,5,2,2,1,1,0.75,0.25,0.5,0.5,0,0,0,0,0,0,0,0,0,1,0,0,0,0,16,1
665ad886225977530cd6579c,5,3,3,2,2,0.75,0.25,0.5,0.5,1,1,0,0,0,0,0,0,0,1,0,0,0,0,17,0
665ad886225977530cd6579c,5,3,3,2,2,0.25,0.75,0.25,0.75,1,1,0,0,0,0,0,0,0,0,0,0,0,0,18,0
665ad886225977530cd6579c,5,3,3,1,1,0.75,0.25,0.75,0.25,0,0,0,0,0,0,0,0,0,0,0,0,0,0,19,0
665ad886225977530cd6579c,5,3,3,2,2,0,1,0.5,0.5,1,1,0,0,0,0,0,0,0,0,0,1,0,0,20,0
665ad886225977530cd6579c,5,3,3,2,2,0.25,0.75,0.5,0.5,1,1,0,0,0,0,0,0,0,0,0,0,0,0,21,0
665ad886225977530cd6579c,5,3,3,2,2,0.75,0.25,0.75,0.25,1,1,0,0,0,1,0,0,0,0,0,0,0,0,22,0
665ad886225977530cd6579c,5,2,2,1,1,0.5,0.5,0.75,0.25,0,0,0,1,0,0,0,0,0,0,0,0,0,0,23,0
665ad886225977530cd6579c,5,3,3,2,2,1,0,0.75,0.25,1,1,0,1,0,0,0,0,0,0,0,0,0,0,24,0
665ad886225977530cd6579c,5,1,1,2,2,1,0,0.75,0.25,1,1,0,1,0,0,0,0,0,1,0,0,0,0,25,0
665ad886225977530cd6579c,5,3,3,2,2,1,0,0.75,0.25,1,1,0,0,0,0,0,0,0,0,0,0,0,1,26,0
665ad886225977530cd6579c,5,2,2,1,1,0.5,0.5,0.75,0.25,0,0,0,0,0,0,0,0,0,1,0,1,0,0,27,0
665ad886225977530cd6579c,5,2,3,2,2,1,0,0.5,0.5,1,1,0,0,0,0,0,0,0,0,0,0,0,0,28,0
665ad886225977530cd6579c,5,3,2,2,2,0.5,0.5,0.75,0.25,1,1,0,0,0,0,0,0,0,0,0,0,0,0,29,0
665ad886225977530cd6579c,5,2,2,2,2,0.75,0.25,0.75,0.25,1,1,0,0,0,0,0,0,0,0,0,0,0,0,30,0
665ad886225977530cd6579c,5,2,2,1,2,0.25,0.75,0.5,0.5,0,1,0,0,0,0,0,0,0,0,0,0,0,0,31,0
665ad886225977530cd6579c,5,3,3,2,2,0.75,0.25,0.75,0.25,1,1,0,0,0,0,0,0,0,0,0,0,0,0,32,0
665ad886225977530cd6579c,5,2,2,1,1,0,1,0,1,1,1,0,0,0,0,0,0,0,0,0,0,0,0,33,1
665ad886225977530cd6579c,5,3,3,1,1,0.25,0.75,0.5,0.5,1,1,0,0,0,0,0,0,0,0,0,0,0,0,34,0
665ad886225977530cd6579c,5,2,1,1,2,0.75,0.25,0,1,1,0,1,0,1,1,0,0,0,0,0,0,0,0,35,0
665ad886225977530cd6579c,5,3,1,2,2,0,1,0.25,0.75,0,0,1,1,0,1,0,0,0,0,0,0,0,0,36,0
665ad886225977530cd6579c,5,2,2,2,2,0.5,0.5,0.5,0.5,0,0,0,0,0,0,0,0,0,0,0,0,0,0,37,0
665ad886225977530cd6579c,5,1,1,2,2,0,1,0.5,0.5,0,0,1,0,0,0,0,0,0,0,0,0,0,0,38,0
665ad886225977530cd6579c,5,2,2,1,1,0.75,0.25,0.75,0.25,1,1,0,1,1,0,0,0,0,0,0,0,0,0,39,0
665ad886225977530cd6579c,5,3,3,2,1,0,1,0.75,0.25,0,1,0,0,0,0,0,0,0,0,0,0,0,0,40,0
665ad886225977530cd6579c,5,3,3,1,1,0.25,0.75,0.75,0.25,1,1,0,0,0,0,0,0,0,0,0,0,0,0,41,0
665ad886225977530cd6579c,5,2,2,1,1,0.75,0.25,0.75,0.25,1,1,0,0,0,0,0,0,0,0,0,0,0,0,42,0
665ad886225977530cd6579c,5,2,2,1,1,1,0,1,0,1,1,0,0,0,0,0,0,0,0,0,0,0,0,43,0
665ad886225977530cd6579c,5,2,3,1,1,1,0,0.75,0.25,1,1,0,0,0,0,0,0,0,0,0,0,0,0,44,0
665ad886225977530cd6579c,5,3,3,1,1,0.5,0.5,0.75,0.25,1,1,0,0,0,0,0,0,0,0,0,1,0,0,45,0
665ad886225977530cd6579c,5,3,3,1,1,1,0,0.75,0.25,1,1,0,0,0,0,0,0,0,0,0,0,0,0,46,0
665ad886225977530cd6579c,5,2,2,2,2,0.5,0.5,0.75,0.25,0,0,0,0,0,0,0,0,0,0,0,0,0,0,47,0
665ad886225977530cd6579c,5,3,3,1,1,0.75,0.25,0.75,0.25,0,0,0,0,0,0,0,0,0,0,0,0,0,0,48,1
665ad886225977530cd6579c,5,2,2,2,2,0.25,0.75,0.75,0.25,1,1,0,0,0,0,0,0,0,0,0,0,0,0,49,0
665ad886225977530cd6579c,5,3,3,1,1,0.75,0.25,0.75,0.25,0,0,0,0,0,0,0,0,0,0,0,0,0,0,50,0
665ad886225977530cd6579c,5,3,3,2,2,0.5,0.5,0.5,0.5,1,1,0,0,0,0,0,0,0,0,0,0,0,0,51,0
665ad886225977530cd6579c,5,3,3,2,2,0.75,0.25,0.25,0.75,1,1,0,0,0,0,0,0,0,0,0,0,0,0,52,0
665ad886225977530cd6579c,5,3,3,1,1,0.75,0.25,0.75,0.25,0,0,0,0,0,0,0,0,0,0,0,0,0,0,53,0
665ad886225977530cd6579c,5,2,2,1,1,0.25,0.75,0.25,0.75,0,0,0,0,0,0,0,0,0,1,0,0,0,1,54,0
665ad886225977530cd6579c,5,3,3,1,1,0.5,0.5,0.25,0.75,0,0,0,0,0,0,0,0,0,0,0,0,0,0,55,0
665ad886225977530cd6579c,5,3,3,1,1,0.5,0.5,0.5,0.5,0,0,0,0,0,0,0,0,0,0,0,0,0,0,56,0
665ad886225977530cd6579c,5,2,2,2,2,1,0,1,0,1,1,0,0,0,0,0,0,0,0,0,0,0,0,57,0
665ad886225977530cd6579c,5,3,3,2,2,0.75,0.25,0.5,0.5,1,1,0,0,0,0,0,0,0,0,0,0,0,0,58,0
665ad886225977530cd6579c,5,2,3,2,1,0.25,0.75,0.75,0.25,1,0,0,0,0,0,0,0,0,0,0,0,0,0,59,0
665ad886225977530cd6579c,5,2,3,2,2,0.5,0.5,0.75,0.25,1,1,1,0,0,0,0,0,0,0,0,0,0,0,60,0
607d6e86f96c147cf2b3223c,22,2,2,2,2,0.5,0.5,0.5,0.5,0,0,0,0,0,0,0,0,0,0,0,0,0,1,1,0
607d6e86f96c147cf2b3223c,22,3,3,1,1,0.75,0.25,0.75,0.25,1,1,0,0,0,0,0,0,0,0,0,0,0,1,2,0
607d6e86f96c147cf2b3223c,22,3,3,1,1,1,0,1,0,1,1,0,0,0,0,0,0,0,0,0,0,0,1,3,0
607d6e86f96c147cf2b3223c,22,3,3,1,1,1,0,0.75,0.25,1,1,0,0,0,0,0,0,0,0,1,0,0,1,4,0
607d6e86f96c147cf2b3223c,22,3,3,1,1,0.75,0.25,0.75,0.25,1,1,0,0,0,0,0,0,0,0,0,0,0,1,5,0
607d6e86f96c147cf2b3223c,22,3,3,1,1,1,0,1,0,1,1,0,0,0,0,0,0,0,0,1,0,0,0,6,0
607d6e86f96c147cf2b3223c,22,3,3,1,1,1,0,1,0,1,1,0,0,0,0,0,0,0,0,0,0,0,0,7,0
607d6e86f96c147cf2b3223c,22,3,3,1,1,1,0,1,0,1,1,0,0,0,0,0,0,1,0,0,0,0,0,8,0
607d6e86f96c147cf2b3223c,22,3,3,1,1,0.25,0.75,0.25,0.75,1,1,0,0,0,0,0,0,0,0,0,0,0,0,9,0
607d6e86f96c147cf2b3223c,22,3,3,1,1,1,0,1,0,1,1,0,0,0,0,0,0,0,0,0,0,0,0,10,0
607d6e86f96c147cf2b3223c,22,3,3,1,1,1,0,1,0,1,1,0,0,0,0,0,0,0,0,0,0,0,0,11,0
607d6e86f96c147cf2b3223c,22,3,3,1,1,0.75,0.25,0.75,0.25,1,1,0,0,0,0,0,0,0,0,1,0,0,0,12,0
607d6e86f96c147cf2b3223c,22,3,3,2,2,0.5,0.5,0.75,0.25,0,0,0,0,0,0,0,0,0,0,1,0,0,0,13,0
607d6e86f96c147cf2b3223c,22,3,3,1,1,0.75,0.25,0.75,0.25,1,1,0,0,0,0,0,0,1,0,0,0,1,0,14,0
607d6e86f96c147cf2b3223c,22,3,3,1,1,0.75,0.25,1,0,1,1,0,0,0,0,0,0,0,0,0,0,0,0,15,0
607d6e86f96c147cf2b3223c,22,3,3,1,1,0.75,0.25,1,0,0,0,0,0,0,0,0,0,0,1,0,0,0,0,16,1
607d6e86f96c147cf2b3223c,22,3,3,1,1,1,0,1,0,0,0,0,0,0,0,0,0,1,1,0,0,0,0,17,0
607d6e86f96c147cf2b3223c,22,3,3,2,2,0.75,0.25,0.75,0.25,1,1,0,1,0,0,0,0,0,0,0,0,0,1,18,0
607d6e86f96c147cf2b3223c,22,3,3,2,2,0,1,0,1,1,1,0,0,0,0,0,0,0,0,0,0,0,0,19,0
607d6e86f96c147cf2b3223c,22,3,3,2,2,0.25,0.75,0.25,0.75,1,1,0,0,0,0,0,0,0,0,0,0,0,0,20,0
607d6e86f96c147cf2b3223c,22,3,3,2,2,1,0,1,0,1,1,0,0,0,0,0,0,0,0,0,0,0,0,21,0
607d6e86f96c147cf2b3223c,22,3,3,2,2,0.75,0.25,1,0,1,1,0,0,0,0,0,0,0,0,0,0,0,0,22,0
607d6e86f96c147cf2b3223c,22,2,3,2,2,0.25,0.75,0.5,0.5,1,1,0,1,0,0,0,0,0,0,0,0,0,0,23,0
607d6e86f96c147cf2b3223c,22,3,3,2,2,0.5,0.5,0.5,0.5,1,1,0,1,0,0,0,0,1,0,0,0,1,0,24,0
607d6e86f96c147cf2b3223c,22,3,3,2,2,0.5,0.5,0.5,0.5,1,1,0,0,0,0,0,0,0,0,0,0,0,0,25,0
607d6e86f96c147cf2b3223c,22,3,3,2,2,0.5,0.5,0.75,0.25,1,1,0,0,0,0,0,0,0,0,0,0,0,0,26,0
607d6e86f96c147cf2b3223c,22,3,3,1,1,0.5,0.5,0.5,0.5,0,0,0,0,0,0,1,0,0,0,1,1,0,0,27,0
607d6e86f96c147cf2b3223c,22,3,3,1,2,0.25,0.75,0.75,0.25,0,1,0,0,0,0,0,0,0,0,0,0,0,0,28,0
607d6e86f96c147cf2b3223c,22,3,3,2,2,0.75,0.25,1,0,1,1,0,0,0,0,0,0,0,0,0,0,0,0,29,0
607d6e86f96c147cf2b3223c,22,3,3,2,2,0.75,0.25,0.75,0.25,1,1,0,0,0,0,0,0,0,0,0,0,0,1,30,0
607d6e86f96c147cf2b3223c,22,3,3,2,2,0.5,0.5,0.5,0.5,1,1,0,0,0,0,0,0,0,0,0,0,0,0,31,0
607d6e86f96c147cf2b3223c,22,3,3,2,2,1,0,1,0,1,1,0,0,0,0,0,0,0,0,0,0,0,0,32,0
607d6e86f96c147cf2b3223c,22,1,3,1,2,0.25,0.75,0.75,0.25,1,0,0,0,0,0,0,0,0,0,0,0,0,0,33,1
607d6e86f96c147cf2b3223c,22,3,3,2,2,0.5,0.5,0.75,0.25,0,0,0,0,0,0,0,0,0,0,0,0,1,0,34,0
607d6e86f96c147cf2b3223c,22,3,3,1,1,1,0,1,0,1,1,0,0,0,0,0,0,0,0,0,0,0,0,35,0
607d6e86f96c147cf2b3223c,22,3,3,2,2,0.25,0.75,0.25,0.75,0,0,0,0,0,0,0,0,0,1,0,0,0,0,36,0
607d6e86f96c147cf2b3223c,22,3,3,1,1,1,0,1,0,1,1,0,0,0,0,0,0,0,0,0,0,0,0,37,0
607d6e86f96c147cf2b3223c,22,3,3,1,1,1,0,0.25,0.75,1,1,0,0,0,0,0,0,0,0,1,0,0,1,38,0
607d6e86f96c147cf2b3223c,22,3,3,1,1,0.75,0.25,0.75,0.25,1,1,0,0,0,0,0,0,0,0,0,0,0,0,39,0
607d6e86f96c147cf2b3223c,22,3,3,1,1,1,0,1,0,1,1,0,0,0,0,0,0,0,0,0,0,0,0,40,0
607d6e86f96c147cf2b3223c,22,3,3,1,1,1,0,1,0,1,1,0,0,0,0,0,0,0,0,0,0,0,0,41,0
607d6e86f96c147cf2b3223c,22,3,3,1,1,0.75,0.25,0.5,0.5,1,1,0,0,0,0,0,0,0,0,0,0,0,0,42,0
607d6e86f96c147cf2b3223c,22,1,3,1,1,0.5,0.5,0.5,0.5,1,1,0,1,0,0,0,0,0,0,0,0,0,0,43,0
607d6e86f96c147cf2b3223c,22,3,3,1,1,1,0,0.75,0.25,1,1,0,0,0,0,0,0,0,1,1,0,1,0,44,0
607d6e86f96c147cf2b3223c,22,3,3,1,1,0.5,0.5,0.5,0.5,1,1,0,0,0,0,0,0,0,0,1,0,0,0,45,0
607d6e86f96c147cf2b3223c,22,3,3,2,2,0.25,0.75,0.25,0.75,0,0,0,0,0,0,0,0,0,0,0,0,0,0,46,0
607d6e86f96c147cf2b3223c,22,3,3,1,1,0.75,0.25,1,0,1,1,0,0,0,0,0,0,0,0,0,0,0,0,47,0
607d6e86f96c147cf2b3223c,22,3,3,1,1,1,0,1,0,0,0,0,0,0,0,0,0,0,0,1,0,0,0,48,1
607d6e86f96c147cf2b3223c,22,3,3,1,1,0.5,0.5,0.5,0.5,0,0,0,0,0,0,0,0,1,0,0,0,0,0,49,0
607d6e86f96c147cf2b3223c,22,2,3,1,1,0.75,0.25,0.75,0.25,0,0,0,1,0,0,0,0,0,0,0,0,0,0,50,0
607d6e86f96c147cf2b3223c,22,3,3,2,2,0,1,0,1,1,1,0,0,0,0,0,0,0,1,0,0,0,0,51,0
607d6e86f96c147cf2b3223c,22,3,3,2,1,0.25,0.75,0.5,0.5,1,0,0,0,0,0,0,0,0,0,0,0,0,0,52,0
607d6e86f96c147cf2b3223c,22,3,3,1,1,0.5,0.5,1,0,0,0,0,0,0,0,0,0,0,0,0,0,0,0,53,0
607d6e86f96c147cf2b3223c,22,3,3,2,2,0.25,0.75,0.25,0.75,1,1,0,0,0,0,0,0,0,1,0,0,1,0,54,0
607d6e86f96c147cf2b3223c,22,3,3,2,2,0.5,0.5,0.75,0.25,1,1,0,0,0,0,0,0,0,0,0,0,0,1,55,0
607d6e86f96c147cf2b3223c,22,3,3,1,1,0.75,0.25,1,0,0,0,0,0,0,0,0,0,0,0,0,0,0,0,56,0
607d6e86f96c147cf2b3223c,22,3,3,2,2,0.5,0.5,0.5,0.5,1,1,0,0,0,0,0,0,0,0,0,0,0,0,57,0
607d6e86f96c147cf2b3223c,22,3,3,2,2,0.75,0.25,0.75,0.25,1,1,0,0,0,0,0,0,0,0,1,0,0,1,58,0
607d6e86f96c147cf2b3223c,22,3,3,1,1,0.5,0.5,0.75,0.25,0,0,0,0,0,0,0,0,0,0,1,0,0,0,59,0
607d6e86f96c147cf2b3223c,22,3,3,1,1,0.75,0.25,0.75,0.25,0,0,0,0,0,0,0,0,0,0,0,0,0,0,60,0
5e3c759575109a055e99b38a,23,1,1,2,2,0.5,0.5,0.5,0.5,0,0,0,0,0,0,0,0,0,0,0,0,0,0,1,0
5e3c759575109a055e99b38a,23,1,1,1,1,0.25,0.75,0.25,0.75,1,1,0,0,0,0,0,0,0,1,0,0,0,0,2,0
5e3c759575109a055e99b38a,23,2,2,1,1,0.75,0.25,0.75,0.25,1,1,0,0,0,0,0,0,0,0,0,0,0,0,3,0
5e3c759575109a055e99b38a,23,1,1,1,1,0.5,0.5,1,0,1,1,0,0,0,0,0,0,0,1,1,0,0,0,4,0
5e3c759575109a055e99b38a,23,1,1,2,2,0.5,0.5,1,0,0,0,0,0,0,0,0,0,0,0,0,0,0,0,5,0
5e3c759575109a055e99b38a,23,2,2,1,1,0.5,0.5,0.5,0.5,1,1,0,0,0,0,0,0,0,0,0,0,0,0,6,0
5e3c759575109a055e99b38a,23,2,2,1,1,1,0,1,0,1,1,0,0,0,0,0,0,0,0,0,0,0,0,7,0
5e3c759575109a055e99b38a,23,2,2,1,1,1,0,0.75,0.25,1,1,0,0,0,0,0,0,0,0,0,1,0,0,8,0
5e3c759575109a055e99b38a,23,1,1,1,1,0.25,0.75,0,1,1,1,0,0,0,0,0,0,0,0,0,0,0,0,9,0
5e3c759575109a055e99b38a,23,2,2,1,1,0.75,0.25,1,0,1,1,0,0,0,0,0,0,0,0,0,0,0,0,10,0
5e3c759575109a055e99b38a,23,3,3,1,1,0.5,0.5,0.5,0.5,1,1,0,0,0,0,0,0,0,0,0,0,0,0,11,0
5e3c759575109a055e99b38a,23,2,1,1,1,1,0,1,0,1,1,0,0,0,0,0,0,0,0,0,0,0,0,12,0
5e3c759575109a055e99b38a,23,1,1,1,1,0.5,0.5,0.5,0.5,1,1,0,0,0,0,0,0,0,0,0,0,1,0,13,0
5e3c759575109a055e99b38a,23,1,1,1,1,0.75,0.25,0.75,0.25,1,1,0,0,0,0,0,0,0,0,0,1,0,0,14,0
5e3c759575109a055e99b38a,23,2,1,1,2,0.5,0.5,0.25,0.75,1,0,0,0,1,1,0,1,0,0,0,0,0,0,15,0
5e3c759575109a055e99b38a,23,2,2,1,1,0.25,0.75,0.25,0.75,0,0,0,0,0,0,0,0,0,1,0,0,0,0,16,1
5e3c759575109a055e99b38a,23,1,1,1,1,0.25,0.75,0.25,0.75,0,0,0,0,0,0,0,0,0,0,0,0,0,0,17,0
5e3c759575109a055e99b38a,23,1,1,2,2,0.5,0.5,1,0,1,1,0,0,0,0,0,0,0,0,0,0,0,0,18,0
5e3c759575109a055e99b38a,23,1,1,1,1,0.75,0.25,1,0,0,0,0,0,0,0,0,0,0,0,0,0,0,0,19,0
5e3c759575109a055e99b38a,23,1,1,2,2,0.25,0.75,0.75,0.25,1,1,0,0,0,0,0,0,0,0,0,0,0,0,20,0
5e3c759575109a055e99b38a,23,2,2,2,2,0.75,0.25,0.5,0.5,1,1,0,0,0,0,0,0,1,0,0,0,0,0,21,0
5e3c759575109a055e99b38a,23,3,2,2,2,0.5,0.5,0.25,0.75,1,1,0,0,0,0,0,0,0,0,0,1,1,0,22,0
5e3c759575109a055e99b38a,23,1,1,2,2,0.75,0.25,0.75,0.25,1,1,0,0,0,0,0,0,0,0,0,0,0,0,23,0
5e3c759575109a055e99b38a,23,2,2,2,2,0.75,0.25,1,0,1,1,0,0,0,0,0,0,0,0,0,0,0,0,24,0
5e3c759575109a055e99b38a,23,2,2,2,2,0.75,0.25,1,0,1,1,0,0,0,0,0,0,0,0,0,0,0,0,25,0
5e3c759575109a055e99b38a,23,2,2,2,2,0.75,0.25,1,0,1,1,0,0,0,0,0,0,0,0,0,0,0,0,26,0
5e3c759575109a055e99b38a,23,2,2,2,2,0.25,0.75,0.25,0.75,1,1,0,0,0,0,0,0,0,0,0,0,0,0,27,0
5e3c759575109a055e99b38a,23,2,2,2,2,0.25,0.75,0.5,0.5,1,1,0,0,0,0,0,0,0,0,0,0,0,0,28,0
5e3c759575109a055e99b38a,23,1,1,2,2,0.5,0.5,0.75,0.25,1,1,0,0,0,0,0,0,0,0,0,0,0,0,29,0
5e3c759575109a055e99b38a,23,1,1,2,2,0.5,0.5,0.75,0.25,1,1,0,0,0,0,0,0,0,0,0,0,0,0,30,0
5e3c759575109a055e99b38a,23,1,1,2,2,0,1,0,1,1,1,0,0,0,0,0,0,0,0,0,0,0,0,31,0
5e3c759575109a055e99b38a,23,1,1,2,2,1,0,1,0,1,1,0,0,0,0,0,0,0,1,0,0,0,0,32,0
5e3c759575109a055e99b38a,23,2,2,2,2,0.75,0.25,1,0,0,0,0,0,0,0,0,0,0,0,0,0,0,0,33,1
5e3c759575109a055e99b38a,23,2,2,2,2,0.25,0.75,0.25,0.75,0,0,0,0,0,0,0,0,0,0,0,0,0,0,34,0
5e3c759575109a055e99b38a,23,1,1,1,1,0.75,0.25,1,0,1,1,0,0,0,0,0,0,0,0,0,0,0,0,35,0
5e3c759575109a055e99b38a,23,1,1,2,2,1,0,0.75,0.25,0,0,0,0,0,0,0,0,0,0,0,1,0,0,36,0
5e3c759575109a055e99b38a,23,2,2,1,1,0.5,0.5,0.5,0.5,1,1,0,0,0,0,0,0,0,0,0,0,0,0,37,0
5e3c759575109a055e99b38a,23,3,3,1,1,0.5,0.5,0.75,0.25,1,1,0,0,0,0,0,0,0,0,0,0,0,0,38,0
5e3c759575109a055e99b38a,23,3,3,1,1,0.5,0.5,0.25,0.75,1,1,0,0,0,0,0,1,0,0,0,1,0,0,39,0
5e3c759575109a055e99b38a,23,2,2,1,1,0.5,0.5,0.75,0.25,1,1,0,0,0,0,0,0,0,0,0,0,0,0,40,0
5e3c759575109a055e99b38a,23,1,1,1,1,0.5,0.5,1,0,1,1,0,0,0,0,0,0,0,0,0,0,0,0,41,0
5e3c759575109a055e99b38a,23,1,1,1,1,0,1,0,1,1,1,0,0,0,0,0,0,0,0,0,0,0,0,42,0
5e3c759575109a055e99b38a,23,1,1,1,1,0.75,0.25,1,0,1,1,0,0,0,0,0,0,0,0,0,0,0,1,43,0
5e3c759575109a055e99b38a,23,1,1,1,1,0.75,0.25,1,0,1,1,0,0,0,0,0,0,0,1,0,0,0,0,44,0
5e3c759575109a055e99b38a,23,1,1,1,1,0.5,0.5,0.5,0.5,1,1,0,0,0,0,0,0,0,0,0,0,0,0,45,0
5e3c759575109a055e99b38a,23,1,1,1,1,0.25,0.75,0,1,1,1,0,0,0,0,0,0,0,0,0,0,0,0,46,0
5e3c759575109a055e99b38a,23,1,1,2,1,0,1,0.75,0.25,0,1,0,0,0,0,0,0,0,0,0,0,0,0,47,0
5e3c759575109a055e99b38a,23,1,1,1,1,0.75,0.25,0.75,0.25,0,0,0,0,0,0,0,0,0,0,0,0,0,0,48,1
5e3c759575109a055e99b38a,23,1,1,1,1,0.25,0.75,0.5,0.5,0,0,0,0,0,0,0,0,0,0,0,0,0,0,49,0
5e3c759575109a055e99b38a,23,2,2,1,1,0.75,0.25,1,0,0,0,0,0,0,0,0,0,0,0,0,0,0,0,50,0
5e3c759575109a055e99b38a,23,2,2,1,1,0.25,0.75,0.25,0.75,0,0,0,0,0,0,0,0,0,1,0,0,0,0,51,0
5e3c759575109a055e99b38a,23,2,2,2,2,0.5,0.5,0.75,0.25,1,1,0,0,0,0,0,0,0,0,0,0,0,0,52,0
5e3c759575109a055e99b38a,23,1,1,1,1,0.75,0.25,1,0,0,0,0,0,0,0,0,0,0,0,0,0,0,1,53,0
5e3c759575109a055e99b38a,23,2,2,2,2,0.5,0.5,0.75,0.25,1,1,0,0,0,0,0,0,0,0,0,0,0,0,54,0
5e3c759575109a055e99b38a,23,2,2,2,2,0.5,0.5,0.25,0.75,1,1,0,0,0,0,0,0,0,1,0,0,0,0,55,0
5e3c759575109a055e99b38a,23,2,2,2,2,0.5,0.5,0.75,0.25,1,1,0,0,0,0,0,0,0,0,0,0,0,0,56,0
5e3c759575109a055e99b38a,23,2,2,2,2,0.5,0.5,0.75,0.25,1,1,0,0,0,0,0,0,0,1,0,0,0,0,57,0
5e3c759575109a055e99b38a,23,2,2,2,2,0.5,0.5,0.5,0.5,1,1,0,0,0,0,0,0,0,0,0,0,0,0,58,0
5e3c759575109a055e99b38a,23,1,1,2,2,0.5,0.5,0.5,0.5,1,1,0,0,0,0,0,0,0,0,0,0,1,0,59,0
5e3c759575109a055e99b38a,23,2,2,2,2,1,0,1,0,1,1,0,0,0,0,0,0,0,0,0,0,0,0,60,0
67862f57b5350ebed10fac1f,24,1,1,1,1,0.25,0.75,0.25,0.75,1,1,0,0,0,0,0,0,0,0,0,0,0,1,1,0
67862f57b5350ebed10fac1f,24,1,2,1,1,0.75,0.25,0.75,0.25,1,1,0,0,0,0,0,0,0,0,0,0,0,1,2,0
67862f57b5350ebed10fac1f,24,3,3,1,1,1,0,1,0,1,1,0,0,0,0,0,0,0,0,0,0,0,1,3,0
67862f57b5350ebed10fac1f,24,2,2,1,1,1,0,0.75,0.25,1,1,0,0,0,0,0,0,0,0,0,1,0,1,4,0
67862f57b5350ebed10fac1f,24,1,2,1,1,0.75,0.25,0.75,0.25,1,1,0,0,0,0,0,0,0,0,0,0,0,1,5,0
67862f57b5350ebed10fac1f,24,3,3,1,1,1,0,1,0,1,1,0,0,0,0,0,0,0,0,0,1,0,0,6,0
67862f57b5350ebed10fac1f,24,2,2,1,1,1,0,1,0,1,1,0,0,0,0,0,0,0,0,0,0,0,0,7,0
67862f57b5350ebed10fac1f,24,2,2,1,1,1,0,1,0,1,1,0,0,0,0,0,0,1,0,0,0,0,0,8,0
67862f57b5350ebed10fac1f,24,1,1,1,1,0.25,0.75,0.25,0.75,1,1,0,0,0,0,0,0,0,0,0,0,0,0,9,0
67862f57b5350ebed10fac1f,24,1,1,1,1,1,0,1,0,1,1,0,0,0,0,0,0,0,0,0,0,0,0,10,0
67862f57b5350ebed10fac1f,24,2,2,1,1,1,0,1,0,1,1,0,0,0,0,0,0,0,0,0,0,0,0,11,0
67862f57b5350ebed10fac1f,24,1,1,1,1,0.75,0.25,0.75,0.25,1,1,0,0,0,0,0,0,0,0,0,1,0,0,12,0
67862f57b5350ebed10fac1f,24,1,1,1,1,0.25,0.75,0,1,1,1,0,0,0,0,0,0,0,0,0,1,0,0,13,0
67862f57b5350ebed10fac1f,24,1,1,1,1,0.75,0.25,0.75,0.25,1,1,0,0,0,0,0,0,1,0,0,0,1,0,14,0
67862f57b5350ebed10fac1f,24,1,1,1,1,0.75,0.25,1,0,1,1,0,0,0,0,0,0,0,0,0,0,0,0,15,0
67862f57b5350ebed10fac1f,24,1,2,1,1,0.75,0.25,1,0,0,0,0,0,0,0,0,0,0,1,0,0,0,0,16,1
67862f57b5350ebed10fac1f,24,1,1,1,1,1,0,1,0,0,0,0,0,0,0,0,0,1,1,0,0,0,0,17,0
67862f57b5350ebed10fac1f,24,1,1,2,2,0.75,0.25,0.75,0.25,1,1,0,0,0,0,0,0,0,0,0,0,0,1,18,0
67862f57b5350ebed10fac1f,24,1,1,1,1,0.75,0.25,0.75,0.25,0,0,0,0,0,0,0,0,0,0,0,0,0,0,19,0
67862f57b5350ebed10fac1f,24,1,1,1,1,0.5,0.5,0.5,0.5,0,0,0,0,0,0,0,0,0,0,0,0,0,0,20,0
67862f57b5350ebed10fac1f,24,1,1,2,2,1,0,1,0,1,1,0,0,0,0,0,0,0,0,0,0,0,0,21,0
67862f57b5350ebed10fac1f,24,2,2,2,2,0.75,0.25,1,0,1,1,0,0,0,0,0,0,0,0,0,0,0,0,22,0
67862f57b5350ebed10fac1f,24,1,1,2,2,0.25,0.75,0.5,0.5,1,1,0,0,0,0,0,0,0,0,0,0,0,0,23,0
67862f57b5350ebed10fac1f,24,1,1,2,2,0.5,0.5,0.5,0.5,1,1,0,0,0,0,0,0,1,0,0,0,1,0,24,0
67862f57b5350ebed10fac1f,24,2,2,2,2,0.5,0.5,0.5,0.5,1,1,0,0,0,0,0,0,0,0,0,0,0,0,25,0
67862f57b5350ebed10fac1f,24,3,3,2,2,0.5,0.5,0.75,0.25,1,1,0,0,0,0,0,0,0,0,0,0,0,0,26,0
67862f57b5350ebed10fac1f,24,2,1,2,2,0.25,0.75,0.25,0.75,1,1,0,0,1,0,0,1,0,0,0,1,0,0,27,0
67862f57b5350ebed10fac1f,24,2,2,2,2,0.5,0.5,0.75,0.25,1,1,0,0,0,0,0,0,0,0,0,0,0,0,28,0
67862f57b5350ebed10fac1f,24,2,2,2,2,0.75,0.25,1,0,1,1,0,0,0,0,0,0,0,0,0,0,0,0,29,0
67862f57b5350ebed10fac1f,24,2,2,2,2,0.75,0.25,0.75,0.25,1,1,0,0,0,0,0,0,0,0,0,0,0,1,30,0
67862f57b5350ebed10fac1f,24,1,1,2,2,0.5,0.5,0.5,0.5,1,1,0,0,0,0,0,0,0,0,0,0,0,0,31,0
67862f57b5350ebed10fac1f,24,1,1,2,2,1,0,1,0,1,1,0,0,0,0,0,0,0,0,0,0,0,0,32,0
67862f57b5350ebed10fac1f,24,1,1,2,2,0.5,0.5,0.75,0.25,0,0,0,0,0,0,0,0,0,0,0,0,0,0,33,1
67862f57b5350ebed10fac1f,24,1,1,2,2,0.5,0.5,0.75,0.25,0,0,0,0,0,0,0,0,0,0,0,0,1,0,34,0
67862f57b5350ebed10fac1f,24,1,1,1,1,1,0,1,0,1,1,0,0,0,0,0,0,0,0,0,0,0,0,35,0
67862f57b5350ebed10fac1f,24,1,1,1,1,0.5,0.5,0.5,0.5,1,1,0,0,0,0,0,0,0,1,0,0,0,0,36,0
67862f57b5350ebed10fac1f,24,2,2,1,1,1,0,1,0,1,1,0,0,0,0,0,0,0,0,0,0,0,0,37,0
67862f57b5350ebed10fac1f,24,2,2,1,1,1,0,0.25,0.75,1,1,0,0,0,0,0,0,0,0,0,1,0,1,38,0
67862f57b5350ebed10fac1f,24,1,1,1,1,0.75,0.25,0.75,0.25,1,1,0,0,0,0,0,0,0,0,0,0,0,0,39,0
67862f57b5350ebed10fac1f,24,2,2,1,1,1,0,1,0,1,1,0,0,0,0,0,0,0,0,0,0,0,0,40,0
67862f57b5350ebed10fac1f,24,1,1,1,1,1,0,1,0,1,1,0,0,0,0,0,0,0,0,0,0,0,0,41,0
67862f57b5350ebed10fac1f,24,1,1,2,2,0,1,0.25,0.75,0,0,0,0,0,0,0,0,0,0,0,0,0,0,42,0
67862f57b5350ebed10fac1f,24,1,1,2,2,0.25,0.75,0.25,0.75,0,0,0,0,0,0,0,0,0,0,0,0,0,0,43,0
67862f57b5350ebed10fac1f,24,1,1,1,1,1,0,0.75,0.25,1,1,0,0,0,0,0,0,0,1,0,1,1,0,44,0
67862f57b5350ebed10fac1f,24,2,2,1,1,0.5,0.5,0.5,0.5,1,1,0,0,0,0,0,0,0,0,0,1,0,0,45,0
67862f57b5350ebed10fac1f,24,1,1,1,1,0.5,0.5,0.5,0.5,1,1,0,0,0,0,0,0,0,0,0,0,0,0,46,0
67862f57b5350ebed10fac1f,24,2,2,1,1,0.75,0.25,1,0,1,1,0,0,0,0,0,0,0,0,0,0,0,0,47,0
67862f57b5350ebed10fac1f,24,1,1,1,1,1,0,1,0,0,0,0,0,0,0,0,0,0,0,0,1,0,0,48,1
67862f57b5350ebed10fac1f,24,1,1,1,1,0.5,0.5,0.5,0.5,0,0,0,0,0,0,0,0,1,0,0,0,0,0,49,0
67862f57b5350ebed10fac1f,24,1,1,1,1,0.75,0.25,0.75,0.25,0,0,0,0,0,0,0,0,0,0,0,0,0,0,50,0
67862f57b5350ebed10fac1f,24,1,1,1,1,0.75,0.25,0.75,0.25,0,0,0,0,0,0,0,0,0,1,0,0,0,0,51,0
67862f57b5350ebed10fac1f,24,1,1,2,2,0.25,0.75,0.25,0.75,1,1,0,0,0,0,0,0,0,0,0,0,0,0,52,0
67862f57b5350ebed10fac1f,24,1,1,1,1,0.5,0.5,1,0,0,0,0,0,0,0,0,0,0,0,0,0,0,0,53,0
67862f57b5350ebed10fac1f,24,1,1,1,1,0.5,0.5,0.5,0.5,0,0,0,0,0,0,0,0,0,1,0,0,1,0,54,0
67862f57b5350ebed10fac1f,24,1,1,2,2,0.5,0.5,0.75,0.25,1,1,0,0,0,0,0,0,0,0,0,0,0,1,55,0
67862f57b5350ebed10fac1f,24,1,1,1,1,0.75,0.25,1,0,0,0,0,0,0,0,0,0,0,0,0,0,0,0,56,0
67862f57b5350ebed10fac1f,24,1,1,1,1,0.25,0.75,0.25,0.75,0,0,0,0,0,0,0,0,0,0,0,0,0,0,57,0
67862f57b5350ebed10fac1f,24,1,1,2,2,0.75,0.25,0.75,0.25,1,1,0,0,0,0,0,0,0,0,0,1,0,1,58,0
67862f57b5350ebed10fac1f,24,1,1,2,1,0.25,0.75,0.75,0.25,1,0,0,0,0,0,0,0,0,0,0,1,0,0,59,0
67862f57b5350ebed10fac1f,24,1,1,1,1,0.75,0.25,0.75,0.25,0,0,0,0,0,0,0,0,0,0,0,0,0,0,60,0
622bb4f79c52ad04bb91e752,25,2,2,2,2,0.5,0.5,0.5,0.5,0,0,0,0,0,0,0,0,0,0,0,0,0,0,1,0
622bb4f79c52ad04bb91e752,25,3,3,1,1,0.25,0.75,0.25,0.75,1,1,0,0,0,0,0,0,0,1,0,0,0,0,2,0
622bb4f79c52ad04bb91e752,25,2,1,2,2,0,1,0,1,0,0,0,0,0,0,0,0,0,0,0,0,0,0,3,0
622bb4f79c52ad04bb91e752,25,3,3,1,1,0.5,0.5,1,0,1,1,0,0,0,0,0,0,0,1,1,0,0,0,4,0
622bb4f79c52ad04bb91e752,25,3,3,2,2,0.5,0.5,1,0,0,0,0,0,0,1,0,0,0,0,0,0,0,0,5,0
622bb4f79c52ad04bb91e752,25,2,2,1,1,0.5,0.5,0.5,0.5,1,1,0,0,0,0,0,0,0,0,0,0,0,0,6,0
622bb4f79c52ad04bb91e752,25,1,3,1,1,1,0,1,0,1,1,0,1,0,0,0,0,0,0,0,0,0,0,7,0
622bb4f79c52ad04bb91e752,25,2,3,1,1,1,0,0.75,0.25,1,1,0,0,0,0,0,0,0,0,0,0,1,0,8,0
622bb4f79c52ad04bb91e752,25,1,2,2,2,0.5,0.5,0.75,0.25,0,0,0,0,0,0,0,0,0,0,0,0,0,0,9,0
622bb4f79c52ad04bb91e752,25,3,3,1,1,0.75,0.25,1,0,1,1,0,0,0,0,0,0,0,0,0,0,0,0,10,0
622bb4f79c52ad04bb91e752,25,2,1,1,1,0.5,0.5,0.5,0.5,1,1,0,0,0,0,0,0,0,0,0,0,0,0,11,0
622bb4f79c52ad04bb91e752,25,3,3,1,1,1,0,1,0,1,1,0,0,0,0,0,0,0,0,0,0,0,0,12,0
622bb4f79c52ad04bb91e752,25,2,2,2,1,0.25,0.75,0.5,0.5,0,1,0,1,1,0,0,0,0,0,0,0,0,0,13,0
622bb4f79c52ad04bb91e752,25,3,3,1,1,0.75,0.25,0.75,0.25,1,1,0,0,0,0,0,0,0,0,0,0,1,0,14,0
622bb4f79c52ad04bb91e752,25,3,3,1,1,0.5,0.5,0.5,0.5,1,1,0,0,0,0,0,0,1,0,0,1,0,0,15,0
622bb4f79c52ad04bb91e752,25,1,1,2,1,0.5,0.5,0.25,0.75,1,0,0,0,0,0,0,0,0,1,0,0,0,0,16,1
622bb4f79c52ad04bb91e752,25,2,1,1,1,0.25,0.75,0.25,0.75,0,0,0,0,0,0,0,0,0,0,0,0,0,0,17,0
622bb4f79c52ad04bb91e752,25,1,1,2,2,0.5,0.5,1,0,1,1,0,0,0,0,0,0,0,0,0,0,0,0,18,0
622bb4f79c52ad04bb91e752,25,1,3,1,1,0.75,0.25,1,0,0,0,0,0,0,0,0,0,0,0,0,0,0,0,19,0
622bb4f79c52ad04bb91e752,25,1,1,1,2,0.5,0.5,0.75,0.25,0,1,0,0,0,0,0,0,0,0,0,0,0,0,20,0
622bb4f79c52ad04bb91e752,25,1,2,2,2,0.75,0.25,0.5,0.5,1,1,1,0,0,0,0,0,0,0,0,0,0,0,21,0
622bb4f79c52ad04bb91e752,25,1,1,2,1,0.5,0.5,0.5,0.5,1,0,0,0,1,1,0,0,0,0,0,0,1,0,22,0
622bb4f79c52ad04bb91e752,25,1,3,2,2,0.75,0.25,0.75,0.25,1,1,0,1,0,0,0,0,0,0,0,0,0,0,23,0
622bb4f79c52ad04bb91e752,25,2,3,2,2,0.75,0.25,1,0,1,1,0,0,0,0,0,0,0,0,0,0,0,0,24,0
622bb4f79c52ad04bb91e752,25,2,3,2,2,0.75,0.25,1,0,1,1,0,0,0,0,0,0,0,0,0,0,0,0,25,0
622bb4f79c52ad04bb91e752,25,1,3,2,2,0.75,0.25,1,0,1,1,0,0,0,0,0,0,0,0,0,0,0,0,26,0
622bb4f79c52ad04bb91e752,25,1,1,1,1,0.5,0.5,0.5,0.5,0,0,0,0,0,0,0,0,0,0,0,0,0,0,27,0
622bb4f79c52ad04bb91e752,25,1,1,2,2,0.25,0.75,0.5,0.5,1,1,0,0,0,0,0,0,0,0,0,0,0,0,28,0
622bb4f79c52ad04bb91e752,25,1,1,2,2,0.5,0.5,0.75,0.25,1,1,0,0,0,0,0,0,0,0,0,0,0,0,29,0
622bb4f79c52ad04bb91e752,25,1,2,2,2,0.5,0.5,0.75,0.25,1,1,0,0,0,0,0,0,0,0,0,0,0,0,30,0
622bb4f79c52ad04bb91e752,25,1,3,1,1,0.75,0.25,0.75,0.25,0,0,0,0,0,0,0,0,0,0,0,0,0,0,31,0
622bb4f79c52ad04bb91e752,25,3,3,2,2,1,0,1,0,1,1,0,0,0,0,0,0,0,1,0,0,0,0,32,0
622bb4f79c52ad04bb91e752,25,3,3,2,2,0.75,0.25,1,0,0,0,0,0,0,0,0,0,0,0,0,0,0,0,33,1
622bb4f79c52ad04bb91e752,25,1,1,1,1,0.5,0.5,0.5,0.5,1,1,0,0,0,0,0,0,0,0,0,0,0,0,34,0
622bb4f79c52ad04bb91e752,25,3,3,1,1,0.75,0.25,1,0,1,1,0,0,0,0,0,0,0,0,0,0,0,0,35,0
622bb4f79c52ad04bb91e752,25,1,3,2,2,1,0,0.75,0.25,0,0,0,0,0,0,0,0,0,0,0,0,1,0,36,0
622bb4f79c52ad04bb91e752,25,1,3,2,1,0.25,0.75,0.5,0.5,0,1,0,0,0,0,0,0,0,0,0,0,0,0,37,0
622bb4f79c52ad04bb91e752,25,1,1,2,2,0.25,0.75,0,1,0,0,0,0,0,0,0,0,0,0,0,0,0,0,38,0
622bb4f79c52ad04bb91e752,25,1,1,2,2,0.25,0.75,0.5,0.5,0,0,0,0,0,0,0,0,1,0,0,0,1,0,39,0
622bb4f79c52ad04bb91e752,25,1,2,1,1,0.5,0.5,0.75,0.25,1,1,0,0,0,0,0,0,0,0,0,0,0,0,40,0
622bb4f79c52ad04bb91e752,25,2,2,1,1,0.5,0.5,1,0,1,1,0,0,0,0,0,0,0,0,0,0,0,0,41,0
622bb4f79c52ad04bb91e752,25,1,2,2,2,0.75,0.25,0.75,0.25,0,0,0,0,0,0,0,0,0,0,0,0,0,0,42,0
622bb4f79c52ad04bb91e752,25,1,3,1,1,0.75,0.25,1,0,1,1,0,0,0,0,0,0,0,0,0,0,0,1,43,0
622bb4f79c52ad04bb91e752,25,3,3,1,1,0.75,0.25,1,0,1,1,0,0,0,0,0,0,0,1,0,0,0,0,44,0
622bb4f79c52ad04bb91e752,25,1,1,2,2,0.25,0.75,0.25,0.75,0,0,0,0,0,0,0,0,0,0,0,0,0,0,45,0
622bb4f79c52ad04bb91e752,25,2,2,2,2,0.5,0.5,0.75,0.25,0,0,0,0,0,0,0,0,0,0,0,0,0,0,46,0
622bb4f79c52ad04bb91e752,25,3,3,1,1,0.75,0.25,0.75,0.25,1,1,0,0,0,0,0,0,0,0,0,0,0,0,47,0
622bb4f79c52ad04bb91e752,25,3,3,1,1,0.75,0.25,0.75,0.25,0,0,0,0,0,0,0,0,0,0,0,0,0,0,48,1
622bb4f79c52ad04bb91e752,25,1,1,2,2,0.5,0.5,0.25,0.75,1,1,0,0,0,0,0,0,0,0,0,0,0,0,49,0
622bb4f79c52ad04bb91e752,25,2,3,1,1,0.75,0.25,1,0,0,0,0,0,0,0,0,0,0,0,0,0,0,0,50,0
622bb4f79c52ad04bb91e752,25,1,2,2,2,0.5,0.5,0.5,0.5,1,1,0,0,0,0,0,0,0,1,0,0,0,0,51,0
622bb4f79c52ad04bb91e752,25,1,1,2,2,0.5,0.5,0.75,0.25,1,1,0,0,0,0,0,0,0,0,0,0,0,0,52,0
622bb4f79c52ad04bb91e752,25,1,2,1,1,0.75,0.25,1,0,0,0,0,0,0,0,0,0,0,0,0,0,0,1,53,0
622bb4f79c52ad04bb91e752,25,1,3,2,2,0.5,0.5,0.75,0.25,1,1,0,0,0,0,0,0,0,0,0,0,0,0,54,0
622bb4f79c52ad04bb91e752,25,1,2,1,2,0.25,0.75,0.25,0.75,0,1,0,0,0,0,0,0,0,1,0,0,0,0,55,0
622bb4f79c52ad04bb91e752,25,1,1,1,2,0.25,0.75,0.75,0.25,0,1,0,0,0,0,0,0,0,0,0,0,0,0,56,0
622bb4f79c52ad04bb91e752,25,1,1,2,2,0.5,0.5,0.75,0.25,1,1,0,0,0,1,0,0,0,1,0,0,0,0,57,0
622bb4f79c52ad04bb91e752,25,1,1,1,1,0.25,0.75,0.25,0.75,0,0,0,0,0,0,0,0,0,0,0,0,0,0,58,0
622bb4f79c52ad04bb91e752,25,1,1,1,1,0.25,0.75,0.25,0.75,0,0,0,0,1,0,0,0,0,0,0,0,0,0,59,0
622bb4f79c52ad04bb91e752,25,1,3,2,2,1,0,1,0,1,1,0,0,0,0,0,0,0,0,0,0,0,0,60,0
66095082185479f7db42d782,26,2,2,1,2,0.25,0.75,0.5,0.5,1,0,0,0,0,0,0,0,0,0,0,0,0,1,1,0
66095082185479f7db42d782,26,3,3,1,1,0.75,0.25,0.75,0.25,1,1,0,0,0,0,0,0,0,0,0,0,0,1,2,0
66095082185479f7db42d782,26,3,3,1,1,1,0,1,0,1,1,0,0,0,0,0,0,0,0,0,0,0,1,3,0
66095082185479f7db42d782,26,3,3,1,1,1,0,0.75,0.25,1,1,0,0,0,0,0,0,0,0,0,1,0,1,4,0
66095082185479f7db42d782,26,1,2,2,1,0,1,0.75,0.25,0,1,0,1,0,0,0,0,0,0,0,0,0,1,5,0
66095082185479f7db42d782,26,3,3,1,1,1,0,1,0,1,1,0,0,0,0,0,0,0,0,0,1,0,0,6,0
66095082185479f7db42d782,26,3,3,1,1,1,0,1,0,1,1,0,0,0,0,0,0,0,0,0,0,0,0,7,0
66095082185479f7db42d782,26,3,2,1,1,1,0,1,0,1,1,1,0,0,0,0,0,0,0,0,0,0,0,8,0
66095082185479f7db42d782,26,3,3,2,2,0.5,0.5,0.5,0.5,0,0,0,0,0,0,0,0,0,0,0,0,0,0,9,0
66095082185479f7db42d782,26,2,2,1,1,1,0,1,0,1,1,0,0,0,0,0,0,0,0,0,0,0,0,10,0
66095082185479f7db42d782,26,2,2,1,1,1,0,1,0,1,1,0,0,0,0,0,0,0,0,0,0,0,0,11,0
66095082185479f7db42d782,26,3,2,1,1,0.75,0.25,0.75,0.25,1,1,0,0,0,0,0,0,0,0,0,1,0,0,12,0
66095082185479f7db42d782,26,2,1,2,2,0.5,0.5,0.75,0.25,0,0,0,0,0,1,0,0,0,0,0,1,0,0,13,0
66095082185479f7db42d782,26,1,3,1,1,0.75,0.25,0.75,0.25,1,1,1,0,1,1,0,0,0,0,0,0,0,0,14,0
66095082185479f7db42d782,26,3,3,1,1,0.75,0.25,1,0,1,1,0,0,0,0,0,0,0,0,0,0,0,0,15,0
66095082185479f7db42d782,26,3,3,1,1,0.75,0.25,1,0,0,0,0,0,0,0,0,0,0,1,0,0,0,0,16,1
66095082185479f7db42d782,26,1,2,1,1,1,0,1,0,0,0,1,0,0,1,0,0,0,1,0,0,0,0,17,0
66095082185479f7db42d782,26,3,3,2,2,0.75,0.25,0.75,0.25,1,1,0,0,0,0,0,0,0,0,0,0,0,1,18,0
66095082185479f7db42d782,26,2,2,1,1,0.75,0.25,0.75,0.25,0,0,0,0,0,0,0,0,0,0,0,0,0,0,19,0
66095082185479f7db42d782,26,2,2,1,1,0.5,0.5,0.5,0.5,0,0,0,0,0,0,0,0,0,0,0,0,0,0,20,0
66095082185479f7db42d782,26,2,2,2,2,1,0,1,0,1,1,0,0,0,0,0,0,0,0,0,0,0,0,21,0
66095082185479f7db42d782,26,2,2,2,2,0.75,0.25,1,0,1,1,0,0,0,0,0,0,0,0,0,0,0,0,22,0
66095082185479f7db42d782,26,2,2,1,1,0.5,0.5,0.25,0.75,0,0,0,0,0,0,0,0,0,0,0,0,0,0,23,0
66095082185479f7db42d782,26,2,3,2,2,0.5,0.5,0.5,0.5,1,1,1,0,1,0,0,0,0,0,0,0,0,0,24,0
66095082185479f7db42d782,26,3,3,2,2,0.5,0.5,0.5,0.5,1,1,0,0,0,0,0,0,0,0,0,0,0,0,25,0
66095082185479f7db42d782,26,3,3,2,2,0.5,0.5,0.75,0.25,1,1,0,0,0,0,0,0,0,0,0,0,0,0,26,0
66095082185479f7db42d782,26,2,2,1,1,0.5,0.5,0.5,0.5,0,0,0,0,0,0,0,1,0,0,0,1,1,0,27,0
66095082185479f7db42d782,26,2,2,2,2,0.5,0.5,0.75,0.25,1,1,0,0,0,0,0,0,0,0,0,0,0,0,28,0
66095082185479f7db42d782,26,2,2,2,2,0.75,0.25,1,0,1,1,0,0,0,0,0,0,0,0,0,0,0,0,29,0
66095082185479f7db42d782,26,2,2,2,2,0.75,0.25,0.75,0.25,1,1,0,0,0,0,0,0,0,0,0,0,0,1,30,0
66095082185479f7db42d782,26,3,2,1,1,0.25,0.75,0.25,0.75,0,0,0,0,0,0,0,0,0,0,0,0,0,0,31,0
66095082185479f7db42d782,26,1,1,2,2,1,0,1,0,1,1,0,0,0,0,0,0,0,0,0,0,0,0,32,0
66095082185479f7db42d782,26,2,2,2,2,0.5,0.5,0.75,0.25,0,0,0,0,0,0,0,0,0,0,0,0,0,0,33,1
66095082185479f7db42d782,26,1,2,2,2,0.5,0.5,0.75,0.25,0,0,0,0,1,0,0,0,0,0,0,0,0,0,34,0
66095082185479f7db42d782,26,3,2,1,1,1,0,1,0,1,1,0,0,0,0,0,0,0,0,0,0,0,0,35,0
66095082185479f7db42d782,26,3,3,2,2,0.25,0.75,0.25,0.75,0,0,0,0,0,0,0,0,0,1,0,0,0,0,36,0
66095082185479f7db42d782,26,3,3,1,1,1,0,1,0,1,1,0,0,0,0,0,0,0,0,0,0,0,0,37,0
66095082185479f7db42d782,26,3,1,1,2,1,0,0.5,0.5,1,0,0,0,0,0,0,0,0,0,0,1,0,1,38,0
66095082185479f7db42d782,26,3,2,2,2,0,1,0,1,0,0,0,0,0,0,0,0,0,0,0,0,0,0,39,0
66095082185479f7db42d782,26,3,3,1,1,1,0,1,0,1,1,0,0,0,0,0,0,0,0,0,0,0,0,40,0
66095082185479f7db42d782,26,3,3,1,1,1,0,1,0,1,1,0,0,0,0,0,0,0,0,0,0,0,0,41,0
66095082185479f7db42d782,26,2,2,1,1,0.75,0.25,0.5,0.5,1,1,0,0,0,0,0,0,0,0,0,0,0,0,42,0
66095082185479f7db42d782,26,3,2,2,1,0.25,0.75,0.5,0.5,0,1,0,0,0,0,0,0,0,0,0,0,0,0,43,0
66095082185479f7db42d782,26,3,3,1,1,1,0,0.75,0.25,1,1,0,0,1,0,0,0,0,1,0,1,0,0,44,0
66095082185479f7db42d782,26,2,2,2,2,0.25,0.75,0.25,0.75,0,0,0,1,0,0,0,0,0,0,0,1,0,0,45,0
66095082185479f7db42d782,26,2,2,2,2,0.25,0.75,0.25,0.75,0,0,0,0,0,0,0,0,0,0,0,0,0,0,46,0
66095082185479f7db42d782,26,2,3,1,1,0.75,0.25,1,0,1,1,0,1,0,0,0,0,0,0,0,0,0,0,47,0
66095082185479f7db42d782,26,3,3,1,1,1,0,1,0,0,0,0,0,0,0,0,0,0,0,0,1,0,0,48,1
66095082185479f7db42d782,26,1,2,2,2,0.25,0.75,0.25,0.75,1,1,1,0,0,0,0,0,0,0,0,0,0,0,49,0
66095082185479f7db42d782,26,3,3,1,1,0.75,0.25,0.75,0.25,0,0,0,0,0,0,0,0,0,0,0,0,0,0,50,0
66095082185479f7db42d782,26,2,2,1,1,0.75,0.25,0.75,0.25,0,0,0,0,0,0,0,0,0,1,0,0,0,0,51,0
66095082185479f7db42d782,26,3,3,1,1,0.5,0.5,0.5,0.5,0,0,0,0,0,0,0,0,0,0,0,0,0,0,52,0
66095082185479f7db42d782,26,2,3,2,1,0.25,0.75,1,0,1,0,0,0,0,0,0,0,0,0,0,0,0,0,53,0
66095082185479f7db42d782,26,2,2,2,1,0.25,0.75,0.5,0.5,1,0,0,0,1,0,0,0,0,1,0,0,0,0,54,0
66095082185479f7db42d782,26,3,3,1,1,0.25,0.75,0,1,0,0,0,0,0,0,0,0,0,0,0,0,0,1,55,0
66095082185479f7db42d782,26,3,3,1,1,0.75,0.25,1,0,0,0,0,0,0,0,0,0,0,0,0,0,0,0,56,0
66095082185479f7db42d782,26,2,2,2,2,0.5,0.5,0.5,0.5,1,1,0,0,0,0,0,0,0,0,0,0,0,0,57,0
66095082185479f7db42d782,26,2,2,2,2,0.75,0.25,0.75,0.25,1,1,0,0,0,0,0,0,0,0,0,1,0,1,58,0
66095082185479f7db42d782,26,2,2,1,1,0.5,0.5,0.75,0.25,0,0,0,0,0,0,0,0,0,0,0,1,0,0,59,0
66095082185479f7db42d782,26,2,2,1,1,0.75,0.25,0.75,0.25,0,0,0,0,0,0,0,0,0,0,0,0,0,0,60,0
610d4df86c4abc6b5ced6fa0,27,3,1,2,1,0.5,0.5,0.25,0.75,0,1,0,0,0,0,0,0,0,0,0,0,0,0,1,0
610d4df86c4abc6b5ced6fa0,27,3,2,2,2,0.5,0.5,0.5,0.5,0,0,0,0,0,0,0,0,0,1,0,0,0,0,2,0
610d4df86c4abc6b5ced6fa0,27,2,3,1,1,0.75,0.25,0.75,0.25,1,1,0,0,0,0,0,0,0,0,0,0,0,0,3,0
610d4df86c4abc6b5ced6fa0,27,3,3,1,1,0.5,0.5,1,0,1,1,0,0,0,0,0,0,0,1,1,0,0,0,4,0
610d4df86c4abc6b5ced6fa0,27,3,2,1,2,0.25,0.75,1,0,1,0,0,0,0,0,0,0,0,0,0,0,0,0,5,0
610d4df86c4abc6b5ced6fa0,27,3,3,2,1,0.25,0.75,0.5,0.5,0,1,0,0,0,0,0,0,0,0,0,0,0,0,6,0
610d4df86c4abc6b5ced6fa0,27,2,3,1,1,1,0,1,0,1,1,0,0,0,0,0,0,0,0,0,0,0,0,7,0
610d4df86c4abc6b5ced6fa0,27,2,1,1,2,1,0,0,1,1,0,0,1,1,1,0,0,0,0,0,0,0,0,8,0
610d4df86c4abc6b5ced6fa0,27,3,2,1,2,0.25,0.75,0.75,0.25,1,0,0,0,0,0,0,0,0,0,0,0,0,0,9,0
610d4df86c4abc6b5ced6fa0,27,3,3,1,1,0.75,0.25,1,0,1,1,0,0,0,0,0,0,0,0,0,0,0,0,10,0
610d4df86c4abc6b5ced6fa0,27,3,3,1,1,0.5,0.5,0.5,0.5,1,1,0,0,0,0,0,0,0,0,0,0,0,0,11,0
610d4df86c4abc6b5ced6fa0,27,3,3,1,1,1,0,1,0,1,1,0,0,0,0,0,0,0,0,0,0,0,0,12,0
610d4df86c4abc6b5ced6fa0,27,3,2,1,1,0.5,0.5,0.5,0.5,1,1,0,0,0,0,0,0,0,0,0,0,1,0,13,0
610d4df86c4abc6b5ced6fa0,27,3,2,1,2,0.75,0.25,0,1,1,0,0,0,1,1,0,0,0,0,0,0,0,0,14,0
610d4df86c4abc6b5ced6fa0,27,1,3,2,1,0.25,0.75,0.5,0.5,0,1,1,1,0,0,0,0,0,0,0,1,0,0,15,0
610d4df86c4abc6b5ced6fa0,27,3,2,1,2,0.25,0.75,0.5,0.5,0,1,0,0,0,0,0,0,0,1,0,0,0,0,16,1
610d4df86c4abc6b5ced6fa0,27,1,1,2,2,0.5,0.5,0.5,0.5,1,1,0,0,0,0,0,0,0,0,0,0,0,0,17,0
610d4df86c4abc6b5ced6fa0,27,2,2,1,2,0.25,0.75,1,0,0,1,0,0,0,0,0,0,0,0,0,0,0,0,18,0
610d4df86c4abc6b5ced6fa0,27,3,3,1,1,0.75,0.25,1,0,0,0,0,0,0,0,0,0,0,0,0,0,0,0,19,0
610d4df86c4abc6b5ced6fa0,27,3,3,1,1,0.5,0.5,0,1,0,0,0,0,0,0,0,0,0,0,0,0,0,0,20,0
610d4df86c4abc6b5ced6fa0,27,2,1,1,1,0,1,0.25,0.75,0,0,0,0,0,0,0,0,1,0,0,0,0,0,21,0
610d4df86c4abc6b5ced6fa0,27,3,3,2,1,0.5,0.5,0.5,0.5,1,0,0,0,1,0,0,0,0,0,0,0,1,0,22,0
610d4df86c4abc6b5ced6fa0,27,1,3,2,2,0.75,0.25,0.75,0.25,1,1,0,0,0,0,0,0,0,0,0,0,0,0,23,0
610d4df86c4abc6b5ced6fa0,27,3,3,2,2,0.75,0.25,1,0,1,1,0,0,0,0,0,0,0,0,0,0,0,0,24,0
610d4df86c4abc6b5ced6fa0,27,2,1,2,2,0.75,0.25,1,0,1,1,0,0,0,1,0,0,0,0,0,0,0,0,25,0
610d4df86c4abc6b5ced6fa0,27,2,3,2,2,0.75,0.25,1,0,1,1,0,0,0,0,0,0,0,0,0,0,0,0,26,0
610d4df86c4abc6b5ced6fa0,27,1,1,1,2,0.5,0.5,0.25,0.75,0,1,0,0,0,0,0,0,0,0,0,0,0,0,27,0
610d4df86c4abc6b5ced6fa0,27,2,2,1,2,0.5,0.5,0.5,0.5,0,1,0,0,0,1,0,0,0,0,0,0,0,0,28,0
610d4df86c4abc6b5ced6fa0,27,3,2,1,2,0.25,0.75,0.75,0.25,0,1,0,0,0,0,0,0,0,0,0,0,0,0,29,0
610d4df86c4abc6b5ced6fa0,27,2,2,1,2,0.25,0.75,0.75,0.25,0,1,0,0,0,0,0,0,0,0,0,0,0,0,30,0
610d4df86c4abc6b5ced6fa0,27,3,3,1,1,0.75,0.25,0.75,0.25,0,0,0,0,0,0,0,0,0,0,0,0,0,0,31,0
610d4df86c4abc6b5ced6fa0,27,3,3,2,2,1,0,1,0,1,1,0,0,0,0,0,0,0,1,0,0,0,0,32,0
610d4df86c4abc6b5ced6fa0,27,3,2,1,2,0,1,1,0,1,0,0,0,0,0,0,0,0,0,0,0,0,0,33,1
610d4df86c4abc6b5ced6fa0,27,3,3,2,2,0.25,0.75,0.25,0.75,0,0,0,0,0,0,0,0,0,0,0,0,0,0,34,0
610d4df86c4abc6b5ced6fa0,27,2,3,2,1,0,1,1,0,0,1,0,0,0,0,0,0,0,0,0,0,0,0,35,0
610d4df86c4abc6b5ced6fa0,27,3,3,2,1,1,0,0,1,0,1,0,0,1,1,0,0,0,0,0,0,0,0,36,0
610d4df86c4abc6b5ced6fa0,27,3,3,2,2,0.25,0.75,0.25,0.75,0,0,0,0,0,0,0,0,0,0,0,0,0,0,37,0
610d4df86c4abc6b5ced6fa0,27,3,3,1,1,0.5,0.5,0.75,0.25,1,1,0,0,0,0,0,0,0,0,0,0,0,0,38,0
610d4df86c4abc6b5ced6fa0,27,3,3,1,2,0.5,0.5,0.5,0.5,1,0,1,1,1,0,0,0,0,0,0,0,0,0,39,0
610d4df86c4abc6b5ced6fa0,27,3,2,2,1,0.25,0.75,0.75,0.25,0,1,0,0,0,0,0,0,0,0,0,0,0,0,40,0
610d4df86c4abc6b5ced6fa0,27,3,3,1,1,0.5,0.5,1,0,1,1,0,0,0,0,0,0,0,0,0,0,0,0,41,0
610d4df86c4abc6b5ced6fa0,27,3,3,2,2,0.75,0.25,0.75,0.25,0,0,0,0,0,0,0,0,0,0,0,0,0,0,42,0
610d4df86c4abc6b5ced6fa0,27,3,3,2,1,0,1,1,0,0,1,0,0,0,0,0,0,0,0,0,0,0,1,43,0
610d4df86c4abc6b5ced6fa0,27,2,3,1,1,0.75,0.25,1,0,1,1,0,0,0,0,0,0,0,1,0,0,0,0,44,0
610d4df86c4abc6b5ced6fa0,27,3,3,1,1,0.5,0.5,0.5,0.5,1,1,0,0,0,0,0,0,0,0,0,0,0,0,45,0
610d4df86c4abc6b5ced6fa0,27,3,2,2,2,0.5,0.5,0.75,0.25,0,0,0,0,0,0,0,0,0,0,0,0,0,0,46,0
610d4df86c4abc6b5ced6fa0,27,3,3,1,1,0.75,0.25,0.75,0.25,1,1,0,0,0,0,0,0,0,0,0,0,0,0,47,0
610d4df86c4abc6b5ced6fa0,27,3,3,1,1,0.75,0.25,0.75,0.25,0,0,0,0,0,0,0,0,0,0,0,0,0,0,48,1
610d4df86c4abc6b5ced6fa0,27,3,2,2,1,0.5,0.5,0.5,0.5,1,0,0,0,0,0,0,0,0,0,0,0,0,0,49,0
610d4df86c4abc6b5ced6fa0,27,3,3,2,1,0,1,1,0,1,0,0,0,0,0,0,0,0,0,0,0,0,0,50,0
610d4df86c4abc6b5ced6fa0,27,2,2,2,1,0.5,0.5,0.25,0.75,1,0,0,0,0,0,0,0,0,1,0,0,0,0,51,0
610d4df86c4abc6b5ced6fa0,27,3,3,2,2,0.5,0.5,0.75,0.25,1,1,0,0,0,0,0,0,0,0,0,0,0,0,52,0
610d4df86c4abc6b5ced6fa0,27,3,3,1,1,0.75,0.25,1,0,0,0,0,0,0,0,0,0,0,0,0,0,0,1,53,0
610d4df86c4abc6b5ced6fa0,27,3,3,1,1,0.25,0.75,0,1,0,0,0,0,0,0,0,0,0,0,0,0,0,0,54,0
610d4df86c4abc6b5ced6fa0,27,3,3,1,1,0.25,0.75,0.5,0.5,0,0,0,0,0,0,0,0,0,1,0,0,0,0,55,0
610d4df86c4abc6b5ced6fa0,27,2,2,1,2,0.25,0.75,0.75,0.25,0,1,0,0,0,0,0,0,0,0,0,0,0,0,56,0
610d4df86c4abc6b5ced6fa0,27,2,2,1,2,0.25,0.75,0.75,0.25,0,1,0,0,0,0,0,0,0,1,0,0,0,0,57,0
610d4df86c4abc6b5ced6fa0,27,2,1,2,2,0.5,0.5,0.5,0.5,1,1,0,0,0,0,0,0,0,0,0,0,0,0,58,0
610d4df86c4abc6b5ced6fa0,27,2,1,2,1,0.5,0.5,0.25,0.75,1,0,0,0,0,0,0,0,0,0,0,0,1,0,59,0
610d4df86c4abc6b5ced6fa0,27,2,3,2,2,1,0,1,0,1,1,0,0,0,0,0,0,0,0,0,0,0,0,60,0
5e3024d69366c7000c4025ff,28,3,3,1,2,0.25,0.75,0.5,0.5,1,0,0,0,0,0,0,0,0,0,0,0,0,0,1,0
5e3024d69366c7000c4025ff,28,1,2,2,2,0.5,0.5,0.5,0.5,0,0,0,0,0,0,0,0,0,1,0,0,0,0,2,0
5e3024d69366c7000c4025ff,28,3,3,1,1,0.75,0.25,0.75,0.25,1,1,0,0,0,0,0,0,0,0,0,0,0,0,3,0
5e3024d69366c7000c4025ff,28,2,3,2,1,0.25,0.75,1,0,0,1,0,0,1,0,0,0,0,1,0,0,0,0,4,0
5e3024d69366c7000c4025ff,28,2,3,1,2,0.25,0.75,1,0,1,0,0,0,0,0,0,0,0,0,0,0,0,0,5,0
5e3024d69366c7000c4025ff,28,3,3,2,2,0.25,0.75,0.25,0.75,0,0,0,0,0,0,0,0,0,0,0,0,0,0,6,0
5e3024d69366c7000c4025ff,28,3,3,1,1,1,0,1,0,1,1,0,0,0,0,0,0,0,0,0,0,0,0,7,0
5e3024d69366c7000c4025ff,28,3,3,1,1,1,0,0.75,0.25,1,1,0,0,0,0,0,0,0,0,0,1,0,0,8,0
5e3024d69366c7000c4025ff,28,2,3,2,2,0.5,0.5,0.75,0.25,0,0,0,1,0,0,0,0,0,0,0,0,0,0,9,0
5e3024d69366c7000c4025ff,28,2,3,2,1,0,1,1,0,0,1,0,0,0,0,0,0,0,0,0,0,0,0,10,0
5e3024d69366c7000c4025ff,28,2,3,2,2,0.25,0.75,0.25,0.75,0,0,0,0,0,0,0,0,0,0,0,0,0,0,11,0
5e3024d69366c7000c4025ff,28,3,3,1,1,1,0,1,0,1,1,0,0,0,0,0,0,0,0,0,0,0,0,12,0
5e3024d69366c7000c4025ff,28,3,3,1,2,0.5,0.5,0.25,0.75,1,0,0,0,0,0,0,0,0,0,0,0,1,0,13,0
5e3024d69366c7000c4025ff,28,2,3,2,1,0,1,0.75,0.25,0,1,0,0,0,0,0,0,0,0,0,1,0,0,14,0
5e3024d69366c7000c4025ff,28,3,3,1,1,0.5,0.5,0.5,0.5,1,1,0,0,0,0,0,1,0,0,1,0,0,0,15,0
5e3024d69366c7000c4025ff,28,1,2,2,2,0.5,0.5,0.5,0.5,1,1,0,0,0,0,0,0,0,1,0,0,0,0,16,1
5e3024d69366c7000c4025ff,28,3,2,2,2,0.5,0.5,0.5,0.5,1,1,0,0,0,0,0,0,0,0,0,0,0,0,17,0
5e3024d69366c7000c4025ff,28,2,3,1,2,0.25,0.75,1,0,0,1,0,0,0,0,0,0,0,0,0,0,0,0,18,0
5e3024d69366c7000c4025ff,28,2,3,2,1,0,1,1,0,1,0,0,0,0,0,0,0,0,0,0,0,0,0,19,0
5e3024d69366c7000c4025ff,28,3,3,2,2,0.25,0.75,0.75,0.25,1,1,0,0,0,0,0,0,0,0,0,0,0,0,20,0
5e3024d69366c7000c4025ff,28,2,3,2,1,0.75,0.25,0.25,0.75,1,0,0,0,0,0,0,0,1,0,0,0,0,0,21,0
5e3024d69366c7000c4025ff,28,3,3,1,2,0.25,0.75,0.25,0.75,0,1,0,0,0,0,0,0,0,0,0,1,1,0,22,0
5e3024d69366c7000c4025ff,28,3,3,2,2,0.75,0.25,0.75,0.25,1,1,0,0,0,0,0,0,0,0,0,0,0,0,23,0
5e3024d69366c7000c4025ff,28,2,3,1,2,0,1,1,0,0,1,0,0,0,0,0,0,0,0,0,0,0,0,24,0
5e3024d69366c7000c4025ff,28,2,3,1,2,0,1,1,0,0,1,0,0,0,0,0,0,0,0,0,0,0,0,25,0
5e3024d69366c7000c4025ff,28,3,3,2,2,0.75,0.25,1,0,1,1,0,0,0,0,0,0,0,0,0,0,0,0,26,0
5e3024d69366c7000c4025ff,28,1,3,2,1,0.25,0.75,0.5,0.5,1,0,0,0,0,0,0,0,0,0,0,0,0,0,27,0
5e3024d69366c7000c4025ff,28,3,3,1,1,0.5,0.5,0.25,0.75,0,0,0,0,0,0,0,0,0,0,0,0,0,0,28,0
5e3024d69366c7000c4025ff,28,3,3,2,2,0.5,0.5,0.75,0.25,1,1,0,0,0,0,0,0,0,0,0,0,0,0,29,0
5e3024d69366c7000c4025ff,28,3,3,2,1,0.5,0.5,0,1,1,0,0,0,0,0,0,0,0,0,0,0,0,0,30,0
5e3024d69366c7000c4025ff,28,3,3,1,1,0.75,0.25,0.75,0.25,0,0,0,0,0,0,0,0,0,0,0,0,0,0,31,0
5e3024d69366c7000c4025ff,28,3,3,2,2,1,0,1,0,1,1,0,0,0,0,0,0,0,1,0,0,0,0,32,0
5e3024d69366c7000c4025ff,28,3,3,2,2,0.75,0.25,1,0,0,0,0,0,0,0,0,0,0,0,0,0,0,0,33,1
5e3024d69366c7000c4025ff,28,2,2,1,1,0.5,0.5,0.5,0.5,1,1,0,0,0,0,0,0,0,0,0,0,0,0,34,0
5e3024d69366c7000c4025ff,28,3,3,1,1,0.75,0.25,1,0,1,1,0,0,0,0,0,0,0,0,0,0,0,0,35,0
5e3024d69366c7000c4025ff,28,3,3,2,2,1,0,0.75,0.25,0,0,0,0,0,0,0,0,0,0,0,1,0,0,36,0
5e3024d69366c7000c4025ff,28,3,3,1,2,0.5,0.5,0.25,0.75,1,0,0,0,0,0,0,0,0,0,0,0,0,0,37,0
5e3024d69366c7000c4025ff,28,3,2,2,1,0.25,0.75,0.75,0.25,0,1,0,0,0,0,0,0,0,0,0,0,0,0,38,0
5e3024d69366c7000c4025ff,28,2,3,1,1,0.5,0.5,0.25,0.75,1,1,0,0,0,0,0,1,0,0,0,1,0,0,39,0
5e3024d69366c7000c4025ff,28,2,3,2,2,0.25,0.75,0,1,0,0,0,0,0,0,0,0,0,0,0,0,0,0,40,0
5e3024d69366c7000c4025ff,28,3,3,2,1,0.25,0.75,1,0,0,1,0,0,0,0,0,0,0,0,0,0,0,0,41,0
5e3024d69366c7000c4025ff,28,3,3,2,2,0.75,0.25,0.75,0.25,0,0,0,0,0,0,0,0,0,0,0,0,0,0,42,0
5e3024d69366c7000c4025ff,28,2,3,1,1,0.75,0.25,1,0,1,1,0,0,0,0,0,0,0,0,0,0,0,1,43,0
5e3024d69366c7000c4025ff,28,2,3,2,1,0,1,1,0,0,1,0,0,0,0,0,0,0,1,0,0,0,0,44,0
5e3024d69366c7000c4025ff,28,2,3,2,2,0.25,0.75,0.25,0.75,0,0,0,0,0,0,0,0,0,0,0,0,0,0,45,0
5e3024d69366c7000c4025ff,28,2,2,1,2,0.25,0.75,0.75,0.25,1,0,0,0,0,0,0,0,0,0,0,0,0,0,46,0
5e3024d69366c7000c4025ff,28,3,2,1,2,0.75,0.25,0,1,1,0,0,0,0,0,0,0,0,0,0,0,0,0,47,0
5e3024d69366c7000c4025ff,28,2,3,1,1,0.75,0.25,0.75,0.25,0,0,0,0,0,0,0,0,0,0,0,0,0,0,48,1
5e3024d69366c7000c4025ff,28,2,3,2,2,0.5,0.5,0.25,0.75,1,1,0,0,0,0,0,0,0,0,0,0,0,0,49,0
5e3024d69366c7000c4025ff,28,3,3,1,1,0.75,0.25,1,0,0,0,0,0,0,0,0,0,0,0,0,0,0,0,50,0
5e3024d69366c7000c4025ff,28,3,3,2,2,0.5,0.5,0.5,0.5,1,1,0,0,0,0,0,0,0,1,0,0,0,0,51,0
5e3024d69366c7000c4025ff,28,2,3,1,2,0.25,0.75,0.75,0.25,0,1,0,0,0,0,0,0,0,0,0,0,0,0,52,0
5e3024d69366c7000c4025ff,28,2,3,1,1,0.75,0.25,1,0,0,0,0,0,0,0,0,0,0,0,0,0,0,1,53,0
5e3024d69366c7000c4025ff,28,2,3,1,2,0.25,0.75,0.75,0.25,0,1,0,0,0,0,0,0,0,0,0,0,0,0,54,0
5e3024d69366c7000c4025ff,28,3,2,2,1,0.5,0.5,0.5,0.5,1,0,0,0,0,0,0,0,0,1,0,0,0,0,55,0
5e3024d69366c7000c4025ff,28,1,1,2,1,0.5,0.5,0,1,1,0,0,0,0,0,0,0,0,0,0,0,0,0,56,0
5e3024d69366c7000c4025ff,28,3,3,1,1,0.25,0.75,0,1,0,0,0,0,0,0,0,0,0,1,0,0,0,0,57,0
5e3024d69366c7000c4025ff,28,3,3,2,2,0.5,0.5,0.5,0.5,1,1,0,0,0,0,0,0,0,0,0,0,0,0,58,0
5e3024d69366c7000c4025ff,28,3,3,1,2,0.25,0.75,0.5,0.5,0,1,0,0,0,0,0,0,0,0,0,0,1,0,59,0
5e3024d69366c7000c4025ff,28,3,3,2,2,1,0,1,0,1,1,0,0,0,0,0,0,0,0,0,0,0,0,60,0
66cdd069637121e241f7a40a,31,1,1,1,1,0.25,0.75,0.25,0.75,1,1,0,0,0,0,0,0,0,0,0,0,0,0,1,0
66cdd069637121e241f7a40a,31,1,1,2,2,0.5,0.5,0.5,0.5,0,0,1,0,0,0,0,0,0,0,0,0,0,0,2,0
66cdd069637121e241f7a40a,31,3,3,1,1,0.75,0.25,0.75,0.25,1,1,0,0,0,0,0,0,0,0,0,0,0,0,3,0
66cdd069637121e241f7a40a,31,3,2,2,1,0.25,0.75,1,0,0,1,1,1,0,0,0,0,0,0,1,0,0,0,4,0
66cdd069637121e241f7a40a,31,2,2,2,2,0.5,0.5,1,0,0,0,0,0,0,0,0,0,0,0,0,0,0,0,5,0
66cdd069637121e241f7a40a,31,2,1,1,2,0.5,0.5,0.25,0.75,1,0,0,0,0,0,0,0,0,0,0,0,0,0,6,0
66cdd069637121e241f7a40a,31,3,3,1,1,1,0,1,0,1,1,0,0,0,0,0,0,0,0,0,0,0,0,7,0
66cdd069637121e241f7a40a,31,2,2,1,1,1,0,0.75,0.25,1,1,0,0,0,0,0,0,0,0,0,0,1,0,8,0
66cdd069637121e241f7a40a,31,2,2,2,2,0.5,0.5,0.75,0.25,0,0,0,0,0,0,0,0,0,0,0,0,0,0,9,0
66cdd069637121e241f7a40a,31,2,2,1,1,0.75,0.25,1,0,1,1,0,0,0,0,0,0,0,0,0,0,0,0,10,0
66cdd069637121e241f7a40a,31,1,1,2,2,0.25,0.75,0.25,0.75,0,0,0,0,0,0,0,0,0,0,0,0,0,0,11,0
66cdd069637121e241f7a40a,31,3,3,1,1,1,0,1,0,1,1,0,0,0,0,0,0,0,0,0,0,0,0,12,0
66cdd069637121e241f7a40a,31,2,2,2,2,0.25,0.75,0.25,0.75,0,0,0,0,0,0,0,0,0,0,0,0,0,1,13,0
66cdd069637121e241f7a40a,31,3,3,1,1,0.75,0.25,0.75,0.25,1,1,0,0,0,0,0,0,0,0,0,0,1,0,14,0
66cdd069637121e241f7a40a,31,2,2,2,2,0.25,0.75,0.25,0.75,0,0,0,0,0,0,0,0,1,0,0,1,0,0,15,0
66cdd069637121e241f7a40a,31,1,2,2,2,0.5,0.5,0.5,0.5,1,1,1,1,0,0,0,0,0,0,0,0,0,0,16,1
66cdd069637121e241f7a40a,31,3,3,2,2,0.5,0.5,0.5,0.5,1,1,0,0,0,0,0,0,0,0,0,0,0,0,17,0
66cdd069637121e241f7a40a,31,3,3,2,2,0.5,0.5,1,0,1,1,0,0,0,0,0,0,0,0,0,0,0,0,18,0
66cdd069637121e241f7a40a,31,2,2,1,1,0.75,0.25,1,0,0,0,0,0,0,0,0,0,0,0,0,0,0,0,19,0
66cdd069637121e241f7a40a,31,1,2,1,2,0.5,0.5,0.75,0.25,0,1,0,0,0,0,0,0,0,0,0,0,0,0,20,0
66cdd069637121e241f7a40a,31,2,2,2,2,0.75,0.25,0.5,0.5,1,1,0,0,0,0,0,0,0,1,0,0,0,0,21,0
66cdd069637121e241f7a40a,31,2,2,1,1,0.25,0.75,0.5,0.5,0,0,0,0,0,0,0,0,0,0,0,0,1,1,22,0
66cdd069637121e241f7a40a,31,2,2,1,1,0,1,0,1,0,0,0,0,0,0,0,0,0,0,0,0,0,0,23,0
66cdd069637121e241f7a40a,31,2,3,2,2,0.75,0.25,1,0,1,1,0,0,0,0,0,0,0,0,0,0,0,0,24,0
66cdd069637121e241f7a40a,31,2,2,2,2,0.75,0.25,1,0,1,1,0,0,0,0,0,0,0,0,0,0,0,0,25,0
66cdd069637121e241f7a40a,31,2,2,1,2,0,1,1,0,0,1,0,0,0,0,0,0,0,0,0,0,0,0,26,0
66cdd069637121e241f7a40a,31,2,2,1,1,0.5,0.5,0.5,0.5,0,0,0,0,0,0,0,0,0,0,0,0,0,0,27,0
66cdd069637121e241f7a40a,31,2,2,1,1,0.5,0.5,0.25,0.75,0,0,0,0,0,0,0,0,0,0,0,0,0,0,28,0
66cdd069637121e241f7a40a,31,2,2,1,1,0.25,0.75,0,1,0,0,0,0,0,0,0,0,0,0,0,0,0,0,29,0
66cdd069637121e241f7a40a,31,1,1,1,2,0.25,0.75,0.75,0.25,0,1,0,0,0,0,0,0,0,0,0,0,0,0,30,0
66cdd069637121e241f7a40a,31,3,3,1,1,0.75,0.25,0.75,0.25,0,0,0,0,0,0,0,0,0,0,0,0,0,0,31,0
66cdd069637121e241f7a40a,31,2,3,2,2,1,0,1,0,1,1,1,1,0,0,0,0,0,0,0,0,0,0,32,0
66cdd069637121e241f7a40a,31,2,2,2,2,0.75,0.25,1,0,0,0,0,0,0,0,0,0,0,0,0,0,0,0,33,1
66cdd069637121e241f7a40a,31,2,1,1,1,0.5,0.5,0.5,0.5,1,1,0,0,0,0,0,0,0,0,0,0,0,0,34,0
66cdd069637121e241f7a40a,31,3,3,1,1,0.75,0.25,1,0,1,1,0,0,0,0,0,0,0,0,0,0,0,0,35,0
66cdd069637121e241f7a40a,31,3,2,2,2,1,0,0.75,0.25,0,0,0,0,0,0,0,0,0,0,0,0,1,0,36,0
66cdd069637121e241f7a40a,31,2,2,1,1,0.5,0.5,0.5,0.5,1,1,0,0,0,0,0,0,0,0,0,0,0,0,37,0
66cdd069637121e241f7a40a,31,2,2,1,1,0.5,0.5,0.75,0.25,1,1,0,0,0,0,0,0,0,0,0,0,0,0,38,0
66cdd069637121e241f7a40a,31,2,1,2,2,0.25,0.75,0.5,0.5,0,0,0,0,0,0,0,0,1,0,0,0,1,0,39,0
66cdd069637121e241f7a40a,31,2,2,1,1,0.5,0.5,0.75,0.25,1,1,0,0,0,0,0,0,0,0,0,0,0,0,40,0
66cdd069637121e241f7a40a,31,2,2,2,1,0.25,0.75,1,0,0,1,0,0,0,0,0,0,0,0,0,0,0,0,41,0
66cdd069637121e241f7a40a,31,3,3,2,2,0.75,0.25,0.75,0.25,0,0,0,0,0,0,0,0,0,0,0,0,0,0,42,0
66cdd069637121e241f7a40a,31,2,2,1,1,0.75,0.25,1,0,1,1,0,0,1,0,0,0,0,0,0,0,0,0,43,0
66cdd069637121e241f7a40a,31,2,2,1,1,0.75,0.25,1,0,1,1,1,1,0,0,0,0,0,0,0,0,0,0,44,0
66cdd069637121e241f7a40a,31,2,2,1,1,0.5,0.5,0.5,0.5,1,1,0,0,0,0,0,0,0,0,0,0,0,0,45,0
66cdd069637121e241f7a40a,31,1,1,2,2,0.5,0.5,0.75,0.25,0,0,0,0,0,0,0,0,0,0,0,0,0,0,46,0
66cdd069637121e241f7a40a,31,1,1,1,1,0.75,0.25,0.75,0.25,1,1,0,0,0,0,0,0,0,0,0,0,0,0,47,0
66cdd069637121e241f7a40a,31,2,1,2,2,0,1,0,1,1,1,0,0,0,0,0,0,0,0,0,0,0,0,48,1
66cdd069637121e241f7a40a,31,2,2,1,1,0.25,0.75,0.5,0.5,0,0,0,0,0,0,0,0,0,0,0,0,0,0,49,0
66cdd069637121e241f7a40a,31,2,2,1,1,0.75,0.25,1,0,0,0,0,0,0,0,0,0,0,0,0,0,0,0,50,0
66cdd069637121e241f7a40a,31,1,1,1,2,0.25,0.75,0.5,0.5,0,1,1,1,0,0,0,0,0,0,0,0,0,0,51,0
66cdd069637121e241f7a40a,31,2,1,1,1,0.25,0.75,0,1,0,0,0,0,0,0,0,0,0,0,0,0,0,0,52,0
66cdd069637121e241f7a40a,31,2,1,2,1,0,1,1,0,1,0,0,0,1,1,0,0,0,0,0,0,0,0,53,0
66cdd069637121e241f7a40a,31,3,3,2,2,0.5,0.5,0.75,0.25,1,1,0,0,0,0,0,0,0,0,0,0,0,0,54,0
66cdd069637121e241f7a40a,31,2,2,2,1,0.5,0.5,0.5,0.5,1,0,1,1,0,0,0,0,0,0,0,0,0,0,55,0
66cdd069637121e241f7a40a,31,3,3,2,2,0.5,0.5,0.75,0.25,1,1,0,0,0,0,0,0,0,0,0,0,0,0,56,0
66cdd069637121e241f7a40a,31,2,2,2,2,0.5,0.5,0.75,0.25,1,1,1,0,0,0,0,0,0,0,0,0,0,0,57,0
66cdd069637121e241f7a40a,31,2,2,1,1,0.25,0.75,0.25,0.75,0,0,0,0,0,0,0,0,0,0,0,0,0,0,58,0
66cdd069637121e241f7a40a,31,3,3,2,2,0.5,0.5,0.5,0.5,1,1,0,0,0,0,0,0,0,0,0,0,0,1,59,0
66cdd069637121e241f7a40a,31,3,3,2,2,1,0,1,0,1,1,0,0,0,0,0,0,0,0,0,0,0,0,60,0